account_id,tenant_id,subscription_tier,monthly_recurring_revenue,account_status,api_requests_count,cloud_storage_used_gb,activation_date,is_churned,usage_intensity,storage_tier_segment
ACC_10001,Delta_Systems,Basic,49.0,Active,77320,7.89,2025-04-17,0,9799.73,Standard_Utilization
ACC_10002,Delta_Systems,Enterprise,499.0,Active,44631,72.72,2026-04-04,0,613.74,Standard_Utilization
ACC_10003,Delta_Systems,Professional,149.0,Active,60235,416.47,2025-09-15,0,144.63,High_Utilization
ACC_10004,Beta_Industries,Professional,149.0,Churned,1194,153.16,2026-03-20,1,7.8,High_Utilization
ACC_10005,Beta_Industries,Basic,49.0,Churned,484,30.63,2025-12-11,1,15.8,Standard_Utilization
ACC_10006,Beta_Industries,Enterprise,499.0,Active,85154,309.77,2026-03-22,0,274.89,High_Utilization
ACC_10007,Omega_Labs,Enterprise,499.0,Churned,1538,24.66,2025-11-16,1,62.37,Standard_Utilization
ACC_10008,Delta_Systems,Enterprise,499.0,Active,80538,8.11,2025-11-25,0,9930.69,Standard_Utilization
ACC_10009,Acme_Corp,Professional,149.0,Active,24397,50.19,2025-09-22,0,486.09,Standard_Utilization
ACC_10010,Omega_Labs,Enterprise,499.0,Churned,2566,416.85,2026-03-31,1,6.16,High_Utilization
ACC_10011,Delta_Systems,Professional,149.0,Active,67621,331.77,2026-02-24,0,203.82,High_Utilization
ACC_10012,Beta_Industries,Professional,149.0,Active,79453,284.5,2025-02-23,0,279.27,High_Utilization
ACC_10013,Acme_Corp,Enterprise,499.0,Active,71711,469.84,2025-08-06,0,152.63,High_Utilization
ACC_10014,Beta_Industries,Professional,149.0,Active,12034,45.61,2025-10-31,0,263.85,Standard_Utilization
ACC_10015,Delta_Systems,Basic,49.0,Active,90312,19.49,2025-10-23,0,4633.76,Standard_Utilization
ACC_10016,Beta_Industries,Enterprise,499.0,Active,12685,482.68,2025-10-07,0,26.28,High_Utilization
ACC_10017,Omega_Labs,Basic,49.0,Active,51714,8.35,2025-06-06,0,6193.29,Standard_Utilization
ACC_10018,Acme_Corp,Enterprise,499.0,Active,63092,100.56,2025-12-10,0,627.41,Standard_Utilization
ACC_10019,Omega_Labs,Enterprise,499.0,Active,40004,356.1,2026-05-14,0,112.34,High_Utilization
ACC_10020,Delta_Systems,Basic,49.0,Active,4061,17.99,2025-09-18,0,225.74,Standard_Utilization
ACC_10021,Acme_Corp,Enterprise,499.0,Active,79103,166.45,2025-11-24,0,475.24,High_Utilization
ACC_10022,Omega_Labs,Enterprise,499.0,Active,80075,333.46,2025-03-03,0,240.13,High_Utilization
ACC_10023,Omega_Labs,Professional,149.0,Active,71092,192.39,2025-02-04,0,369.52,High_Utilization
ACC_10024,Delta_Systems,Professional,149.0,Active,83448,281.3,2025-09-14,0,296.65,High_Utilization
ACC_10025,Delta_Systems,Professional,149.0,Active,706,214.63,2025-10-10,0,3.29,High_Utilization
ACC_10026,Beta_Industries,Basic,49.0,Active,50515,31.86,2025-03-04,0,1585.53,Standard_Utilization
ACC_10027,Omega_Labs,Basic,49.0,Churned,1767,7.05,2026-01-23,1,250.64,Standard_Utilization
ACC_10028,Delta_Systems,Basic,49.0,Active,34327,47.15,2025-06-20,0,728.04,Standard_Utilization
ACC_10029,Delta_Systems,Enterprise,499.0,Active,22799,464.95,2025-03-27,0,49.04,High_Utilization
ACC_10030,Acme_Corp,Professional,149.0,Active,95503,402.13,2025-05-14,0,237.49,High_Utilization
ACC_10031,Omega_Labs,Professional,149.0,Active,18547,404.01,2025-11-27,0,45.91,High_Utilization
ACC_10032,Omega_Labs,Basic,49.0,Active,24276,13.68,2025-07-09,0,1774.56,Standard_Utilization
ACC_10033,Delta_Systems,Professional,149.0,Active,55516,153.43,2025-04-26,0,361.83,High_Utilization
ACC_10034,Beta_Industries,Enterprise,499.0,Active,4248,346.68,2025-11-14,0,12.25,High_Utilization
ACC_10035,Beta_Industries,Enterprise,499.0,Active,61587,260.12,2026-01-09,0,236.76,High_Utilization
ACC_10036,Acme_Corp,Basic,49.0,Active,39853,48.13,2026-05-12,0,828.03,Standard_Utilization
ACC_10037,Beta_Industries,Enterprise,499.0,Active,24164,75.32,2026-01-22,0,320.82,Standard_Utilization
ACC_10038,Omega_Labs,Basic,49.0,Active,94709,25.18,2025-04-23,0,3761.28,Standard_Utilization
ACC_10039,Beta_Industries,Enterprise,499.0,Active,7892,317.72,2025-08-12,0,24.84,High_Utilization
ACC_10040,Beta_Industries,Professional,149.0,Active,26809,122.16,2025-06-21,0,219.46,High_Utilization
ACC_10041,Omega_Labs,Enterprise,499.0,Active,13188,364.52,2025-07-03,0,36.18,High_Utilization
ACC_10042,Omega_Labs,Basic,49.0,Churned,207,20.0,2025-04-08,1,10.35,Standard_Utilization
ACC_10043,Delta_Systems,Basic,49.0,Active,86702,9.41,2025-05-04,0,9213.81,Standard_Utilization
ACC_10044,Acme_Corp,Enterprise,499.0,Churned,1379,256.78,2025-09-09,1,5.37,High_Utilization
ACC_10045,Delta_Systems,Enterprise,499.0,Churned,2986,199.69,2026-05-04,1,14.95,High_Utilization
ACC_10046,Delta_Systems,Professional,149.0,Churned,1812,171.52,2025-05-09,1,10.56,High_Utilization
ACC_10047,Acme_Corp,Professional,149.0,Active,86481,348.35,2026-02-19,0,248.26,High_Utilization
ACC_10048,Delta_Systems,Professional,149.0,Churned,3653,131.52,2026-05-15,1,27.78,High_Utilization
ACC_10049,Acme_Corp,Professional,149.0,Churned,3118,441.49,2026-03-29,1,7.06,High_Utilization
ACC_10050,Delta_Systems,Basic,49.0,Active,43142,36.33,2025-04-09,0,1187.5,Standard_Utilization
ACC_10051,Delta_Systems,Professional,149.0,Churned,4001,425.69,2025-06-10,1,9.4,High_Utilization
ACC_10052,Acme_Corp,Professional,149.0,Churned,263,6.08,2025-12-06,1,43.26,Standard_Utilization
ACC_10053,Beta_Industries,Basic,49.0,Active,68997,8.12,2025-06-02,0,8497.16,Standard_Utilization
ACC_10054,Beta_Industries,Professional,149.0,Active,61635,497.24,2025-06-12,0,123.95,High_Utilization
ACC_10055,Omega_Labs,Basic,49.0,Churned,4503,16.34,2025-10-16,1,275.58,Standard_Utilization
ACC_10056,Omega_Labs,Enterprise,499.0,Active,70771,284.8,2026-02-05,0,248.49,High_Utilization
ACC_10057,Omega_Labs,Enterprise,499.0,Active,20330,126.36,2026-04-15,0,160.89,High_Utilization
ACC_10058,Beta_Industries,Professional,149.0,Active,74790,446.19,2025-12-31,0,167.62,High_Utilization
ACC_10059,Delta_Systems,Enterprise,499.0,Active,54545,323.08,2025-10-04,0,168.83,High_Utilization
ACC_10060,Delta_Systems,Basic,49.0,Active,75043,14.11,2025-11-13,0,5318.42,Standard_Utilization
ACC_10061,Delta_Systems,Basic,49.0,Churned,1253,23.55,2025-01-17,1,53.21,Standard_Utilization
ACC_10062,Beta_Industries,Basic,49.0,Active,33135,0.87,2025-04-09,0,38085.77,Standard_Utilization
ACC_10063,Omega_Labs,Basic,49.0,Active,45736,28.66,2025-10-29,0,1595.81,Standard_Utilization
ACC_10064,Omega_Labs,Basic,49.0,Churned,2310,19.32,2025-07-10,1,119.57,Standard_Utilization
ACC_10065,Delta_Systems,Basic,49.0,Churned,137,18.7,2025-11-19,1,7.33,Standard_Utilization
ACC_10066,Beta_Industries,Enterprise,499.0,Active,52385,49.94,2025-02-27,0,1048.96,Standard_Utilization
ACC_10067,Omega_Labs,Enterprise,499.0,Active,36277,128.2,2025-05-31,0,282.97,High_Utilization
ACC_10068,Beta_Industries,Professional,149.0,Active,28251,348.96,2025-09-30,0,80.96,High_Utilization
ACC_10069,Delta_Systems,Professional,149.0,Churned,2816,210.76,2025-02-08,1,13.36,High_Utilization
ACC_10070,Beta_Industries,Basic,49.0,Churned,2960,25.13,2025-01-13,1,117.79,Standard_Utilization
ACC_10071,Acme_Corp,Basic,49.0,Churned,4505,2.63,2026-05-09,1,1712.92,Standard_Utilization
ACC_10072,Delta_Systems,Enterprise,499.0,Active,32597,48.35,2025-04-02,0,674.19,Standard_Utilization
ACC_10073,Delta_Systems,Enterprise,499.0,Active,94348,78.79,2025-02-20,0,1197.46,Standard_Utilization
ACC_10074,Beta_Industries,Basic,49.0,Active,97325,1.62,2025-11-10,0,60076.79,Standard_Utilization
ACC_10075,Omega_Labs,Professional,149.0,Active,95785,269.24,2025-09-28,0,355.76,High_Utilization
ACC_10076,Acme_Corp,Basic,49.0,Churned,3061,48.27,2025-02-22,1,63.41,Standard_Utilization
ACC_10077,Delta_Systems,Professional,149.0,Active,56679,206.56,2026-04-25,0,274.39,High_Utilization
ACC_10078,Delta_Systems,Enterprise,499.0,Churned,4374,484.81,2025-11-04,1,9.02,High_Utilization
ACC_10079,Beta_Industries,Professional,149.0,Active,74347,136.51,2025-05-25,0,544.63,High_Utilization
ACC_10080,Omega_Labs,Professional,149.0,Active,91352,93.39,2025-12-12,0,978.18,Standard_Utilization
ACC_10081,Beta_Industries,Enterprise,499.0,Active,75240,30.51,2026-01-28,0,2466.08,Standard_Utilization
ACC_10082,Beta_Industries,Basic,49.0,Active,46675,27.51,2025-10-17,0,1696.66,Standard_Utilization
ACC_10083,Omega_Labs,Basic,49.0,Churned,3353,25.88,2025-08-25,1,129.56,Standard_Utilization
ACC_10084,Omega_Labs,Enterprise,499.0,Active,60138,25.29,2025-10-05,0,2377.94,Standard_Utilization
ACC_10085,Beta_Industries,Enterprise,499.0,Active,85164,171.93,2025-03-27,0,495.34,High_Utilization
ACC_10086,Omega_Labs,Basic,49.0,Active,51793,42.79,2026-05-12,0,1210.4,Standard_Utilization
ACC_10087,Omega_Labs,Basic,49.0,Churned,2275,38.19,2026-02-04,1,59.57,Standard_Utilization
ACC_10088,Acme_Corp,Enterprise,499.0,Churned,1767,325.41,2025-10-16,1,5.43,High_Utilization
ACC_10089,Beta_Industries,Professional,149.0,Active,97879,24.08,2025-11-21,0,4064.74,Standard_Utilization
ACC_10090,Delta_Systems,Professional,149.0,Active,10323,428.46,2025-05-27,0,24.09,High_Utilization
ACC_10091,Acme_Corp,Basic,49.0,Churned,2849,47.2,2025-01-16,1,60.36,Standard_Utilization
ACC_10092,Beta_Industries,Basic,49.0,Churned,3556,40.07,2026-01-19,1,88.74,Standard_Utilization
ACC_10093,Omega_Labs,Professional,149.0,Active,92180,229.94,2026-01-15,0,400.89,High_Utilization
ACC_10094,Delta_Systems,Enterprise,499.0,Active,98356,480.65,2025-09-25,0,204.63,High_Utilization
ACC_10095,Beta_Industries,Enterprise,499.0,Churned,2454,108.47,2025-10-12,1,22.62,Standard_Utilization
ACC_10096,Beta_Industries,Professional,149.0,Active,27850,36.99,2026-05-14,0,752.91,Standard_Utilization
ACC_10097,Omega_Labs,Basic,49.0,Active,75853,17.1,2026-04-03,0,4435.85,Standard_Utilization
ACC_10098,Delta_Systems,Basic,49.0,Active,83245,34.87,2025-07-15,0,2387.29,Standard_Utilization
ACC_10099,Acme_Corp,Enterprise,499.0,Active,33996,402.04,2026-01-11,0,84.56,High_Utilization
ACC_10100,Acme_Corp,Professional,149.0,Active,36235,403.71,2026-04-02,0,89.76,High_Utilization
ACC_10101,Acme_Corp,Enterprise,499.0,Churned,2153,171.39,2025-02-05,1,12.56,High_Utilization
ACC_10102,Beta_Industries,Basic,49.0,Churned,3776,37.57,2026-01-04,1,100.51,Standard_Utilization
ACC_10103,Acme_Corp,Enterprise,499.0,Active,14897,249.04,2025-10-13,0,59.82,High_Utilization
ACC_10104,Acme_Corp,Professional,149.0,Active,40454,195.52,2025-07-06,0,206.9,High_Utilization
ACC_10105,Omega_Labs,Basic,49.0,Active,37439,17.81,2026-02-07,0,2102.13,Standard_Utilization
ACC_10106,Omega_Labs,Professional,149.0,Active,32807,287.36,2026-01-19,0,114.17,High_Utilization
ACC_10107,Delta_Systems,Basic,49.0,Active,89612,27.73,2025-04-09,0,3231.59,Standard_Utilization
ACC_10108,Acme_Corp,Basic,49.0,Active,27692,5.76,2025-05-24,0,4807.63,Standard_Utilization
ACC_10109,Acme_Corp,Professional,149.0,Active,88961,275.44,2026-02-27,0,322.98,High_Utilization
ACC_10110,Acme_Corp,Enterprise,499.0,Active,90430,59.86,2025-08-09,0,1510.69,Standard_Utilization
ACC_10111,Omega_Labs,Basic,49.0,Active,73092,5.15,2026-03-18,0,14192.59,Standard_Utilization
ACC_10112,Delta_Systems,Professional,149.0,Active,39581,199.23,2025-06-17,0,198.67,High_Utilization
ACC_10113,Delta_Systems,Professional,149.0,Active,88592,43.79,2025-01-05,0,2023.11,Standard_Utilization
ACC_10114,Delta_Systems,Basic,49.0,Active,92292,47.37,2025-12-08,0,1948.32,Standard_Utilization
ACC_10115,Acme_Corp,Basic,49.0,Churned,3151,35.44,2025-10-19,1,88.91,Standard_Utilization
ACC_10116,Delta_Systems,Basic,49.0,Churned,2224,21.27,2025-07-01,1,104.56,Standard_Utilization
ACC_10117,Beta_Industries,Enterprise,499.0,Active,44982,127.96,2025-05-06,0,351.53,High_Utilization
ACC_10118,Beta_Industries,Professional,149.0,Active,56271,383.95,2025-05-28,0,146.56,High_Utilization
ACC_10119,Delta_Systems,Basic,49.0,Active,39798,29.21,2025-01-01,0,1362.48,Standard_Utilization
ACC_10120,Beta_Industries,Basic,49.0,Active,24460,43.44,2026-01-04,0,563.08,Standard_Utilization
ACC_10121,Beta_Industries,Basic,49.0,Active,36895,48.9,2025-02-27,0,754.5,Standard_Utilization
ACC_10122,Acme_Corp,Basic,49.0,Active,21059,26.43,2025-05-29,0,796.78,Standard_Utilization
ACC_10123,Delta_Systems,Basic,49.0,Churned,3522,26.2,2025-08-15,1,134.43,Standard_Utilization
ACC_10124,Acme_Corp,Basic,49.0,Active,53138,49.79,2025-05-23,0,1067.24,Standard_Utilization
ACC_10125,Beta_Industries,Professional,149.0,Active,41930,24.16,2025-05-24,0,1735.51,Standard_Utilization
ACC_10126,Omega_Labs,Professional,149.0,Churned,367,228.64,2025-09-29,1,1.61,High_Utilization
ACC_10127,Omega_Labs,Basic,49.0,Churned,4195,19.47,2025-05-02,1,215.46,Standard_Utilization
ACC_10128,Omega_Labs,Professional,149.0,Churned,4974,487.24,2025-08-08,1,10.21,High_Utilization
ACC_10129,Omega_Labs,Enterprise,499.0,Active,38588,155.8,2026-03-23,0,247.68,High_Utilization
ACC_10130,Omega_Labs,Basic,49.0,Churned,934,6.75,2025-08-28,1,138.37,Standard_Utilization
ACC_10131,Delta_Systems,Basic,49.0,Active,56678,36.31,2025-03-23,0,1560.95,Standard_Utilization
ACC_10132,Delta_Systems,Basic,49.0,Active,85291,43.85,2025-01-10,0,1945.06,Standard_Utilization
ACC_10133,Delta_Systems,Basic,49.0,Active,1515,18.89,2025-04-29,0,80.2,Standard_Utilization
ACC_10134,Acme_Corp,Professional,149.0,Churned,4958,375.16,2025-08-27,1,13.22,High_Utilization
ACC_10135,Acme_Corp,Professional,149.0,Active,87204,419.41,2025-10-10,0,207.92,High_Utilization
ACC_10136,Beta_Industries,Basic,49.0,Active,904,2.91,2026-01-20,0,310.65,Standard_Utilization
ACC_10137,Beta_Industries,Basic,49.0,Active,10360,49.83,2025-12-17,0,207.91,Standard_Utilization
ACC_10138,Acme_Corp,Enterprise,499.0,Active,11416,378.9,2025-02-22,0,30.13,High_Utilization
ACC_10139,Delta_Systems,Basic,49.0,Active,39265,12.65,2025-03-19,0,3103.95,Standard_Utilization
ACC_10140,Acme_Corp,Basic,49.0,Churned,4554,33.62,2026-03-22,1,135.46,Standard_Utilization
ACC_10141,Omega_Labs,Professional,149.0,Churned,1584,336.28,2025-04-05,1,4.71,High_Utilization
ACC_10142,Beta_Industries,Professional,149.0,Active,94574,154.93,2025-09-16,0,610.43,High_Utilization
ACC_10143,Acme_Corp,Professional,149.0,Churned,3047,438.51,2026-01-24,1,6.95,High_Utilization
ACC_10144,Acme_Corp,Basic,49.0,Churned,3384,21.08,2025-09-12,1,160.53,Standard_Utilization
ACC_10145,Acme_Corp,Basic,49.0,Active,92734,10.73,2025-03-07,0,8642.49,Standard_Utilization
ACC_10146,Beta_Industries,Professional,149.0,Active,55893,318.87,2025-11-02,0,175.28,High_Utilization
ACC_10147,Delta_Systems,Enterprise,499.0,Active,76245,175.11,2026-03-23,0,435.41,High_Utilization
ACC_10148,Beta_Industries,Basic,49.0,Churned,4647,31.14,2025-12-01,1,149.23,Standard_Utilization
ACC_10149,Delta_Systems,Basic,49.0,Active,40311,23.02,2025-10-12,0,1751.13,Standard_Utilization
ACC_10150,Acme_Corp,Professional,149.0,Active,93205,310.97,2025-12-06,0,299.72,High_Utilization
ACC_10151,Beta_Industries,Basic,49.0,Active,12515,17.14,2025-08-23,0,730.16,Standard_Utilization
ACC_10152,Delta_Systems,Basic,49.0,Active,81219,7.68,2025-07-02,0,10575.38,Standard_Utilization
ACC_10153,Beta_Industries,Basic,49.0,Active,33934,33.41,2025-12-18,0,1015.68,Standard_Utilization
ACC_10154,Beta_Industries,Basic,49.0,Active,24454,41.11,2025-02-20,0,594.84,Standard_Utilization
ACC_10155,Beta_Industries,Professional,149.0,Active,79752,275.03,2025-01-22,0,289.98,High_Utilization
ACC_10156,Acme_Corp,Basic,49.0,Churned,3127,18.28,2025-12-12,1,171.06,Standard_Utilization
ACC_10157,Beta_Industries,Professional,149.0,Active,24124,47.51,2026-02-15,0,507.77,Standard_Utilization
ACC_10158,Delta_Systems,Basic,49.0,Active,56145,7.93,2025-08-27,0,7080.07,Standard_Utilization
ACC_10159,Omega_Labs,Basic,49.0,Active,64791,40.33,2025-01-26,0,1606.52,Standard_Utilization
ACC_10160,Acme_Corp,Enterprise,499.0,Active,802,186.18,2025-06-29,0,4.31,High_Utilization
ACC_10161,Beta_Industries,Professional,149.0,Active,74186,266.34,2025-01-28,0,278.54,High_Utilization
ACC_10162,Beta_Industries,Basic,49.0,Active,15534,12.7,2025-01-14,0,1223.15,Standard_Utilization
ACC_10163,Delta_Systems,Enterprise,499.0,Active,85217,375.18,2026-02-11,0,227.14,High_Utilization
ACC_10164,Omega_Labs,Basic,49.0,Active,35174,12.2,2025-10-21,0,2883.11,Standard_Utilization
ACC_10165,Acme_Corp,Enterprise,499.0,Active,91325,282.64,2025-01-28,0,323.11,High_Utilization
ACC_10166,Acme_Corp,Enterprise,499.0,Active,48415,117.76,2026-04-19,0,411.13,High_Utilization
ACC_10167,Acme_Corp,Basic,49.0,Churned,76,32.48,2026-01-29,1,2.34,Standard_Utilization
ACC_10168,Beta_Industries,Enterprise,499.0,Churned,1503,294.04,2025-04-21,1,5.11,High_Utilization
ACC_10169,Omega_Labs,Basic,49.0,Churned,2482,16.94,2025-03-24,1,146.52,Standard_Utilization
ACC_10170,Omega_Labs,Professional,149.0,Churned,3524,179.01,2025-08-14,1,19.69,High_Utilization
ACC_10171,Acme_Corp,Professional,149.0,Active,59156,5.26,2026-01-12,0,11246.37,Standard_Utilization
ACC_10172,Acme_Corp,Professional,149.0,Active,27639,425.63,2025-04-22,0,64.94,High_Utilization
ACC_10173,Beta_Industries,Professional,149.0,Active,86155,448.54,2025-04-05,0,192.08,High_Utilization
ACC_10174,Delta_Systems,Enterprise,499.0,Active,4824,491.22,2025-01-31,0,9.82,High_Utilization
ACC_10175,Delta_Systems,Professional,149.0,Active,80079,458.82,2026-04-13,0,174.53,High_Utilization
ACC_10176,Delta_Systems,Professional,149.0,Active,84971,361.86,2026-01-04,0,234.82,High_Utilization
ACC_10177,Beta_Industries,Basic,49.0,Active,11454,28.62,2025-12-01,0,400.21,Standard_Utilization
ACC_10178,Delta_Systems,Basic,49.0,Churned,1151,35.58,2025-05-13,1,32.35,Standard_Utilization
ACC_10179,Omega_Labs,Basic,49.0,Churned,4664,35.39,2025-04-23,1,131.79,Standard_Utilization
ACC_10180,Beta_Industries,Professional,149.0,Active,21118,466.11,2026-01-17,0,45.31,High_Utilization
ACC_10181,Acme_Corp,Enterprise,499.0,Active,59883,68.51,2025-06-10,0,874.08,Standard_Utilization
ACC_10182,Delta_Systems,Professional,149.0,Churned,2070,342.76,2026-01-21,1,6.04,High_Utilization
ACC_10183,Omega_Labs,Basic,49.0,Active,19716,5.92,2025-04-11,0,3330.4,Standard_Utilization
ACC_10184,Delta_Systems,Professional,149.0,Active,94289,54.69,2026-02-23,0,1724.06,Standard_Utilization
ACC_10185,Acme_Corp,Professional,149.0,Churned,1979,63.46,2025-08-24,1,31.18,Standard_Utilization
ACC_10186,Omega_Labs,Enterprise,499.0,Active,85055,190.55,2026-02-22,0,446.37,High_Utilization
ACC_10187,Acme_Corp,Professional,149.0,Churned,3860,397.94,2025-11-16,1,9.7,High_Utilization
ACC_10188,Beta_Industries,Professional,149.0,Active,16024,407.57,2025-08-01,0,39.32,High_Utilization
ACC_10189,Delta_Systems,Professional,149.0,Active,21111,159.12,2025-03-03,0,132.67,High_Utilization
ACC_10190,Beta_Industries,Basic,49.0,Active,59707,22.01,2025-10-23,0,2712.72,Standard_Utilization
ACC_10191,Beta_Industries,Enterprise,499.0,Active,72020,374.18,2026-02-26,0,192.47,High_Utilization
ACC_10192,Delta_Systems,Basic,49.0,Active,34516,19.63,2025-05-25,0,1758.33,Standard_Utilization
ACC_10193,Beta_Industries,Professional,149.0,Active,92763,312.68,2025-04-14,0,296.67,High_Utilization
ACC_10194,Delta_Systems,Professional,149.0,Active,97146,365.68,2025-03-08,0,265.66,High_Utilization
ACC_10195,Beta_Industries,Enterprise,499.0,Active,5908,267.43,2025-06-06,0,22.09,High_Utilization
ACC_10196,Delta_Systems,Enterprise,499.0,Churned,2607,376.57,2025-06-06,1,6.92,High_Utilization
ACC_10197,Acme_Corp,Basic,49.0,Active,2836,1.77,2026-03-15,0,1602.25,Standard_Utilization
ACC_10198,Beta_Industries,Professional,149.0,Active,44372,52.8,2025-01-05,0,840.38,Standard_Utilization
ACC_10199,Acme_Corp,Enterprise,499.0,Active,72395,302.57,2025-08-16,0,239.27,High_Utilization
ACC_10200,Delta_Systems,Basic,49.0,Churned,3238,11.54,2025-09-18,1,280.59,Standard_Utilization
ACC_10201,Omega_Labs,Basic,49.0,Active,16978,29.96,2026-02-15,0,566.69,Standard_Utilization
ACC_10202,Omega_Labs,Professional,149.0,Active,71815,92.03,2025-10-10,0,780.34,Standard_Utilization
ACC_10203,Beta_Industries,Professional,149.0,Active,55818,231.81,2025-07-19,0,240.79,High_Utilization
ACC_10204,Beta_Industries,Enterprise,499.0,Churned,2198,70.85,2025-08-06,1,31.02,Standard_Utilization
ACC_10205,Beta_Industries,Basic,49.0,Active,92251,43.62,2025-04-21,0,2114.88,Standard_Utilization
ACC_10206,Omega_Labs,Basic,49.0,Churned,136,7.71,2025-10-20,1,17.64,Standard_Utilization
ACC_10207,Omega_Labs,Enterprise,499.0,Active,86566,368.62,2026-01-28,0,234.84,High_Utilization
ACC_10208,Omega_Labs,Basic,49.0,Active,14218,6.23,2025-09-24,0,2282.18,Standard_Utilization
ACC_10209,Acme_Corp,Basic,49.0,Active,48023,6.32,2025-04-20,0,7598.56,Standard_Utilization
ACC_10210,Acme_Corp,Basic,49.0,Active,37930,11.45,2026-03-14,0,3312.66,Standard_Utilization
ACC_10211,Delta_Systems,Basic,49.0,Active,75560,16.83,2026-04-02,0,4489.6,Standard_Utilization
ACC_10212,Omega_Labs,Basic,49.0,Active,13724,5.8,2025-06-03,0,2366.2,Standard_Utilization
ACC_10213,Omega_Labs,Basic,49.0,Active,74009,17.38,2025-03-16,0,4258.28,Standard_Utilization
ACC_10214,Beta_Industries,Enterprise,499.0,Active,36868,294.15,2025-12-13,0,125.34,High_Utilization
ACC_10215,Delta_Systems,Enterprise,499.0,Active,68026,84.01,2025-07-01,0,809.74,Standard_Utilization
ACC_10216,Acme_Corp,Basic,49.0,Active,94770,13.95,2025-10-12,0,6793.54,Standard_Utilization
ACC_10217,Beta_Industries,Professional,149.0,Active,70980,480.59,2025-02-18,0,147.69,High_Utilization
ACC_10218,Acme_Corp,Professional,149.0,Active,22066,498.44,2026-04-21,0,44.27,High_Utilization
ACC_10219,Acme_Corp,Enterprise,499.0,Active,42449,375.36,2025-08-12,0,113.09,High_Utilization
ACC_10220,Delta_Systems,Enterprise,499.0,Active,3217,96.56,2025-02-01,0,33.32,Standard_Utilization
ACC_10221,Acme_Corp,Basic,49.0,Active,94107,29.41,2025-05-24,0,3199.83,Standard_Utilization
ACC_10222,Acme_Corp,Professional,149.0,Active,29365,267.93,2025-06-24,0,109.6,High_Utilization
ACC_10223,Acme_Corp,Professional,149.0,Active,26022,78.89,2025-06-15,0,329.85,Standard_Utilization
ACC_10224,Acme_Corp,Basic,49.0,Active,49270,18.73,2025-12-25,0,2630.54,Standard_Utilization
ACC_10225,Beta_Industries,Enterprise,499.0,Active,53103,400.67,2025-06-11,0,132.54,High_Utilization
ACC_10226,Delta_Systems,Professional,149.0,Active,77034,128.06,2025-12-15,0,601.55,High_Utilization
ACC_10227,Delta_Systems,Enterprise,499.0,Active,56873,170.63,2025-11-24,0,333.31,High_Utilization
ACC_10228,Acme_Corp,Enterprise,499.0,Active,86095,120.23,2025-04-07,0,716.09,High_Utilization
ACC_10229,Beta_Industries,Enterprise,499.0,Churned,1321,428.06,2025-03-29,1,3.09,High_Utilization
ACC_10230,Delta_Systems,Basic,49.0,Active,87425,14.73,2026-04-14,0,5935.16,Standard_Utilization
ACC_10231,Omega_Labs,Professional,149.0,Active,16532,105.13,2025-11-26,0,157.25,Standard_Utilization
ACC_10232,Delta_Systems,Basic,49.0,Active,50960,21.13,2025-02-05,0,2411.74,Standard_Utilization
ACC_10233,Beta_Industries,Basic,49.0,Active,88455,16.86,2025-07-16,0,5246.44,Standard_Utilization
ACC_10234,Delta_Systems,Professional,149.0,Active,77418,135.13,2026-04-16,0,572.91,High_Utilization
ACC_10235,Acme_Corp,Basic,49.0,Active,63697,18.2,2025-09-13,0,3499.83,Standard_Utilization
ACC_10236,Acme_Corp,Enterprise,499.0,Churned,1397,71.35,2025-12-08,1,19.58,Standard_Utilization
ACC_10237,Beta_Industries,Professional,149.0,Churned,4233,92.28,2025-02-28,1,45.87,Standard_Utilization
ACC_10238,Beta_Industries,Enterprise,499.0,Active,78844,271.5,2025-01-14,0,290.4,High_Utilization
ACC_10239,Acme_Corp,Basic,49.0,Active,55529,32.29,2025-07-20,0,1719.7,Standard_Utilization
ACC_10240,Beta_Industries,Professional,149.0,Active,77408,346.07,2025-01-29,0,223.68,High_Utilization
ACC_10241,Acme_Corp,Enterprise,499.0,Active,61768,407.8,2025-05-26,0,151.47,High_Utilization
ACC_10242,Acme_Corp,Professional,149.0,Active,22680,326.23,2025-01-17,0,69.52,High_Utilization
ACC_10243,Beta_Industries,Enterprise,499.0,Active,17225,69.74,2025-12-28,0,246.99,Standard_Utilization
ACC_10244,Acme_Corp,Enterprise,499.0,Active,4763,126.49,2025-08-07,0,37.66,High_Utilization
ACC_10245,Acme_Corp,Basic,49.0,Active,93565,45.73,2026-03-31,0,2046.03,Standard_Utilization
ACC_10246,Beta_Industries,Basic,49.0,Churned,2691,21.16,2025-07-09,1,127.17,Standard_Utilization
ACC_10247,Beta_Industries,Professional,149.0,Active,19750,46.53,2025-07-12,0,424.46,Standard_Utilization
ACC_10248,Delta_Systems,Professional,149.0,Active,53502,145.41,2025-05-29,0,367.94,High_Utilization
ACC_10249,Omega_Labs,Basic,49.0,Active,97499,28.36,2025-10-22,0,3437.9,Standard_Utilization
ACC_10250,Beta_Industries,Enterprise,499.0,Active,5353,68.8,2025-06-01,0,77.81,Standard_Utilization
ACC_10251,Omega_Labs,Basic,49.0,Active,74978,13.19,2025-02-05,0,5684.45,Standard_Utilization
ACC_10252,Delta_Systems,Enterprise,499.0,Active,24558,299.03,2026-03-22,0,82.13,High_Utilization
ACC_10253,Beta_Industries,Basic,49.0,Active,2024,17.28,2026-03-26,0,117.13,Standard_Utilization
ACC_10254,Omega_Labs,Basic,49.0,Active,560,34.45,2025-08-05,0,16.26,Standard_Utilization
ACC_10255,Beta_Industries,Basic,49.0,Active,45686,3.98,2025-10-18,0,11478.87,Standard_Utilization
ACC_10256,Omega_Labs,Enterprise,499.0,Active,89429,52.89,2025-04-12,0,1690.85,Standard_Utilization
ACC_10257,Acme_Corp,Enterprise,499.0,Active,36272,395.32,2025-11-01,0,91.75,High_Utilization
ACC_10258,Acme_Corp,Enterprise,499.0,Active,20991,271.64,2025-10-30,0,77.28,High_Utilization
ACC_10259,Omega_Labs,Enterprise,499.0,Churned,2718,379.88,2026-04-24,1,7.15,High_Utilization
ACC_10260,Acme_Corp,Professional,149.0,Churned,3736,347.05,2025-07-17,1,10.77,High_Utilization
ACC_10261,Acme_Corp,Basic,49.0,Active,28435,35.31,2025-02-16,0,805.3,Standard_Utilization
ACC_10262,Delta_Systems,Basic,49.0,Active,56776,23.71,2025-10-09,0,2394.6,Standard_Utilization
ACC_10263,Delta_Systems,Professional,149.0,Active,24570,149.73,2025-04-27,0,164.1,High_Utilization
ACC_10264,Omega_Labs,Professional,149.0,Active,7237,372.91,2025-08-03,0,19.41,High_Utilization
ACC_10265,Omega_Labs,Enterprise,499.0,Active,18350,414.71,2026-02-06,0,44.25,High_Utilization
ACC_10266,Acme_Corp,Professional,149.0,Active,35935,61.6,2025-06-01,0,583.36,Standard_Utilization
ACC_10267,Beta_Industries,Enterprise,499.0,Active,3483,221.35,2025-06-20,0,15.74,High_Utilization
ACC_10268,Delta_Systems,Enterprise,499.0,Active,7140,269.89,2026-01-11,0,26.46,High_Utilization
ACC_10269,Beta_Industries,Basic,49.0,Active,94723,21.4,2025-07-29,0,4426.31,Standard_Utilization
ACC_10270,Omega_Labs,Professional,149.0,Active,52893,495.19,2025-11-07,0,106.81,High_Utilization
ACC_10271,Delta_Systems,Enterprise,499.0,Active,96005,469.63,2025-05-21,0,204.43,High_Utilization
ACC_10272,Delta_Systems,Enterprise,499.0,Active,16871,27.76,2025-10-29,0,607.74,Standard_Utilization
ACC_10273,Acme_Corp,Basic,49.0,Active,62687,31.41,2025-09-02,0,1995.77,Standard_Utilization
ACC_10274,Omega_Labs,Enterprise,499.0,Active,50572,169.18,2025-09-23,0,298.92,High_Utilization
ACC_10275,Omega_Labs,Basic,49.0,Active,86180,5.61,2026-04-23,0,15361.83,Standard_Utilization
ACC_10276,Beta_Industries,Professional,149.0,Active,33413,117.95,2025-11-20,0,283.28,High_Utilization
ACC_10277,Acme_Corp,Basic,49.0,Active,35900,5.56,2026-05-09,0,6456.82,Standard_Utilization
ACC_10278,Acme_Corp,Enterprise,499.0,Active,45528,46.07,2025-10-20,0,988.24,Standard_Utilization
ACC_10279,Beta_Industries,Enterprise,499.0,Churned,3425,234.5,2025-11-15,1,14.61,High_Utilization
ACC_10280,Acme_Corp,Professional,149.0,Active,80935,33.9,2025-07-18,0,2387.46,Standard_Utilization
ACC_10281,Omega_Labs,Basic,49.0,Active,42344,41.55,2025-11-06,0,1019.11,Standard_Utilization
ACC_10282,Beta_Industries,Professional,149.0,Active,83356,94.44,2025-08-14,0,882.63,Standard_Utilization
ACC_10283,Delta_Systems,Professional,149.0,Active,74281,484.6,2025-09-18,0,153.28,High_Utilization
ACC_10284,Acme_Corp,Basic,49.0,Active,18797,26.3,2025-01-20,0,714.71,Standard_Utilization
ACC_10285,Delta_Systems,Professional,149.0,Active,25925,348.47,2025-06-27,0,74.4,High_Utilization
ACC_10286,Omega_Labs,Enterprise,499.0,Churned,4079,312.03,2025-08-15,1,13.07,High_Utilization
ACC_10287,Acme_Corp,Enterprise,499.0,Active,35201,430.27,2025-11-25,0,81.81,High_Utilization
ACC_10288,Delta_Systems,Basic,49.0,Churned,2692,6.56,2025-11-19,1,410.37,Standard_Utilization
ACC_10289,Acme_Corp,Enterprise,499.0,Active,26431,19.16,2025-08-14,0,1379.49,Standard_Utilization
ACC_10290,Delta_Systems,Basic,49.0,Active,50606,14.14,2026-01-30,0,3578.92,Standard_Utilization
ACC_10291,Omega_Labs,Enterprise,499.0,Active,22254,362.12,2025-11-24,0,61.45,High_Utilization
ACC_10292,Beta_Industries,Professional,149.0,Active,10403,342.1,2025-02-06,0,30.41,High_Utilization
ACC_10293,Acme_Corp,Basic,49.0,Active,10016,24.08,2025-04-24,0,415.95,Standard_Utilization
ACC_10294,Acme_Corp,Enterprise,499.0,Active,2091,331.56,2025-11-19,0,6.31,High_Utilization
ACC_10295,Omega_Labs,Enterprise,499.0,Active,86731,399.02,2025-08-25,0,217.36,High_Utilization
ACC_10296,Omega_Labs,Basic,49.0,Active,84124,16.77,2025-02-28,0,5016.34,Standard_Utilization
ACC_10297,Acme_Corp,Basic,49.0,Active,86706,34.98,2025-06-19,0,2478.73,Standard_Utilization
ACC_10298,Omega_Labs,Enterprise,499.0,Active,50208,436.11,2025-08-23,0,115.13,High_Utilization
ACC_10299,Delta_Systems,Enterprise,499.0,Active,3219,168.56,2026-03-02,0,19.1,High_Utilization
ACC_10300,Beta_Industries,Enterprise,499.0,Active,19287,278.76,2025-03-23,0,69.19,High_Utilization
ACC_10301,Acme_Corp,Basic,49.0,Churned,1995,14.42,2025-10-22,1,138.35,Standard_Utilization
ACC_10302,Beta_Industries,Enterprise,499.0,Active,35332,59.25,2025-08-21,0,596.32,Standard_Utilization
ACC_10303,Beta_Industries,Basic,49.0,Active,71481,14.24,2026-05-11,0,5019.73,Standard_Utilization
ACC_10304,Delta_Systems,Professional,149.0,Active,13781,171.92,2025-08-12,0,80.16,High_Utilization
ACC_10305,Omega_Labs,Enterprise,499.0,Active,5584,394.72,2025-02-06,0,14.15,High_Utilization
ACC_10306,Omega_Labs,Professional,149.0,Churned,1050,385.84,2025-08-07,1,2.72,High_Utilization
ACC_10307,Acme_Corp,Professional,149.0,Active,21453,38.74,2025-07-12,0,553.77,Standard_Utilization
ACC_10308,Beta_Industries,Professional,149.0,Active,25360,223.81,2025-07-11,0,113.31,High_Utilization
ACC_10309,Delta_Systems,Enterprise,499.0,Churned,2517,13.76,2026-01-16,1,182.92,Standard_Utilization
ACC_10310,Delta_Systems,Basic,49.0,Active,93606,12.7,2026-01-02,0,7370.55,Standard_Utilization
ACC_10311,Delta_Systems,Professional,149.0,Active,13525,498.57,2026-03-06,0,27.13,High_Utilization
ACC_10312,Acme_Corp,Enterprise,499.0,Active,82458,264.22,2026-05-04,0,312.08,High_Utilization
ACC_10313,Acme_Corp,Basic,49.0,Active,51475,4.21,2026-01-07,0,12226.81,Standard_Utilization
ACC_10314,Beta_Industries,Professional,149.0,Active,53430,475.51,2025-01-27,0,112.36,High_Utilization
ACC_10315,Omega_Labs,Basic,49.0,Active,82371,42.88,2025-10-30,0,1920.97,Standard_Utilization
ACC_10316,Omega_Labs,Professional,149.0,Active,32696,492.01,2026-03-17,0,66.45,High_Utilization
ACC_10317,Acme_Corp,Professional,149.0,Churned,3608,373.3,2026-02-26,1,9.67,High_Utilization
ACC_10318,Delta_Systems,Basic,49.0,Active,26885,43.23,2025-10-07,0,621.91,Standard_Utilization
ACC_10319,Omega_Labs,Enterprise,499.0,Churned,994,434.51,2025-03-01,1,2.29,High_Utilization
ACC_10320,Acme_Corp,Enterprise,499.0,Active,86053,380.87,2025-06-23,0,225.94,High_Utilization
ACC_10321,Delta_Systems,Basic,49.0,Churned,702,45.6,2026-03-04,1,15.39,Standard_Utilization
ACC_10322,Beta_Industries,Enterprise,499.0,Churned,536,241.54,2025-02-15,1,2.22,High_Utilization
ACC_10323,Beta_Industries,Enterprise,499.0,Active,79583,124.9,2026-01-17,0,637.17,High_Utilization
ACC_10324,Acme_Corp,Professional,149.0,Churned,126,295.75,2026-03-20,1,0.43,High_Utilization
ACC_10325,Omega_Labs,Enterprise,499.0,Churned,2778,7.29,2025-07-24,1,381.07,Standard_Utilization
ACC_10326,Beta_Industries,Professional,149.0,Churned,1399,487.39,2025-12-04,1,2.87,High_Utilization
ACC_10327,Beta_Industries,Enterprise,499.0,Active,64788,476.4,2025-08-05,0,135.99,High_Utilization
ACC_10328,Acme_Corp,Enterprise,499.0,Active,46667,74.24,2025-06-28,0,628.6,Standard_Utilization
ACC_10329,Omega_Labs,Basic,49.0,Active,74819,24.17,2025-06-09,0,3095.53,Standard_Utilization
ACC_10330,Omega_Labs,Basic,49.0,Active,22931,47.07,2026-02-28,0,487.17,Standard_Utilization
ACC_10331,Acme_Corp,Professional,149.0,Active,45504,42.63,2025-10-16,0,1067.42,Standard_Utilization
ACC_10332,Acme_Corp,Professional,149.0,Active,81561,284.42,2025-04-13,0,286.76,High_Utilization
ACC_10333,Beta_Industries,Professional,149.0,Active,69077,22.03,2025-05-23,0,3135.59,Standard_Utilization
ACC_10334,Omega_Labs,Basic,49.0,Churned,326,35.35,2026-04-04,1,9.22,Standard_Utilization
ACC_10335,Beta_Industries,Basic,49.0,Active,26515,15.01,2025-03-14,0,1766.49,Standard_Utilization
ACC_10336,Omega_Labs,Professional,149.0,Churned,1117,170.72,2025-11-14,1,6.54,High_Utilization
ACC_10337,Delta_Systems,Enterprise,499.0,Active,46663,277.17,2026-04-04,0,168.36,High_Utilization
ACC_10338,Beta_Industries,Professional,149.0,Active,34162,322.32,2026-02-14,0,105.99,High_Utilization
ACC_10339,Acme_Corp,Professional,149.0,Active,15813,31.59,2026-04-04,0,500.57,Standard_Utilization
ACC_10340,Delta_Systems,Basic,49.0,Active,83686,11.04,2025-10-28,0,7580.25,Standard_Utilization
ACC_10341,Delta_Systems,Professional,149.0,Churned,1937,436.11,2025-06-22,1,4.44,High_Utilization
ACC_10342,Acme_Corp,Enterprise,499.0,Churned,3675,11.9,2025-11-03,1,308.82,Standard_Utilization
ACC_10343,Delta_Systems,Professional,149.0,Active,3420,247.4,2025-12-18,0,13.82,High_Utilization
ACC_10344,Omega_Labs,Professional,149.0,Active,46000,37.49,2025-02-04,0,1226.99,Standard_Utilization
ACC_10345,Delta_Systems,Enterprise,499.0,Active,30527,88.34,2026-01-26,0,345.56,Standard_Utilization
ACC_10346,Acme_Corp,Enterprise,499.0,Active,74631,314.94,2026-03-21,0,236.97,High_Utilization
ACC_10347,Omega_Labs,Professional,149.0,Churned,1722,257.73,2026-03-20,1,6.68,High_Utilization
ACC_10348,Acme_Corp,Professional,149.0,Active,22515,303.69,2025-12-20,0,74.14,High_Utilization
ACC_10349,Delta_Systems,Professional,149.0,Churned,4400,139.5,2025-09-19,1,31.54,High_Utilization
ACC_10350,Delta_Systems,Professional,149.0,Active,48864,233.71,2025-05-05,0,209.08,High_Utilization
ACC_10351,Acme_Corp,Enterprise,499.0,Active,20475,203.55,2025-12-21,0,100.59,High_Utilization
ACC_10352,Beta_Industries,Enterprise,499.0,Active,66561,485.74,2026-03-04,0,137.03,High_Utilization
ACC_10353,Delta_Systems,Basic,49.0,Active,5148,12.44,2026-02-26,0,413.83,Standard_Utilization
ACC_10354,Omega_Labs,Basic,49.0,Active,70635,29.01,2025-01-14,0,2434.85,Standard_Utilization
ACC_10355,Omega_Labs,Professional,149.0,Active,61772,484.75,2025-11-22,0,127.43,High_Utilization
ACC_10356,Beta_Industries,Enterprise,499.0,Active,14260,387.08,2025-09-18,0,36.84,High_Utilization
ACC_10357,Omega_Labs,Basic,49.0,Active,52733,3.77,2025-10-30,0,13987.5,Standard_Utilization
ACC_10358,Beta_Industries,Professional,149.0,Active,77119,414.7,2025-09-23,0,185.96,High_Utilization
ACC_10359,Acme_Corp,Basic,49.0,Churned,2370,8.44,2025-09-21,1,280.81,Standard_Utilization
ACC_10360,Omega_Labs,Basic,49.0,Active,52386,33.22,2026-02-25,0,1576.94,Standard_Utilization
ACC_10361,Acme_Corp,Basic,49.0,Active,26655,22.37,2025-04-30,0,1191.55,Standard_Utilization
ACC_10362,Delta_Systems,Enterprise,499.0,Active,83694,57.29,2025-04-18,0,1460.88,Standard_Utilization
ACC_10363,Beta_Industries,Professional,149.0,Active,48114,116.72,2026-04-02,0,412.22,High_Utilization
ACC_10364,Beta_Industries,Basic,49.0,Active,1558,22.66,2025-04-29,0,68.76,Standard_Utilization
ACC_10365,Acme_Corp,Enterprise,499.0,Active,9700,292.96,2025-06-10,0,33.11,High_Utilization
ACC_10366,Omega_Labs,Professional,149.0,Churned,2299,482.61,2025-06-30,1,4.76,High_Utilization
ACC_10367,Delta_Systems,Professional,149.0,Active,89893,486.59,2025-08-05,0,184.74,High_Utilization
ACC_10368,Delta_Systems,Enterprise,499.0,Churned,3259,172.31,2026-05-10,1,18.91,High_Utilization
ACC_10369,Beta_Industries,Enterprise,499.0,Churned,4413,352.78,2025-05-06,1,12.51,High_Utilization
ACC_10370,Beta_Industries,Enterprise,499.0,Churned,1374,48.31,2026-05-13,1,28.44,Standard_Utilization
ACC_10371,Omega_Labs,Basic,49.0,Churned,4622,48.17,2025-12-24,1,95.95,Standard_Utilization
ACC_10372,Delta_Systems,Professional,149.0,Active,16077,188.09,2025-11-07,0,85.48,High_Utilization
ACC_10373,Beta_Industries,Professional,149.0,Active,24589,434.65,2025-05-25,0,56.57,High_Utilization
ACC_10374,Omega_Labs,Basic,49.0,Churned,1873,39.8,2026-04-20,1,47.06,Standard_Utilization
ACC_10375,Omega_Labs,Basic,49.0,Active,79634,32.98,2025-05-27,0,2414.61,Standard_Utilization
ACC_10376,Acme_Corp,Basic,49.0,Active,8625,32.93,2025-03-31,0,261.92,Standard_Utilization
ACC_10377,Beta_Industries,Professional,149.0,Active,61076,204.34,2025-03-14,0,298.89,High_Utilization
ACC_10378,Omega_Labs,Basic,49.0,Active,85650,36.95,2025-09-02,0,2318.0,Standard_Utilization
ACC_10379,Omega_Labs,Professional,149.0,Active,29665,462.95,2025-04-12,0,64.08,High_Utilization
ACC_10380,Delta_Systems,Professional,149.0,Active,97152,399.21,2025-03-23,0,243.36,High_Utilization
ACC_10381,Delta_Systems,Basic,49.0,Active,1867,14.91,2025-05-09,0,125.22,Standard_Utilization
ACC_10382,Delta_Systems,Basic,49.0,Active,89652,18.39,2025-05-23,0,4875.04,Standard_Utilization
ACC_10383,Delta_Systems,Enterprise,499.0,Active,36143,274.93,2026-02-07,0,131.46,High_Utilization
ACC_10384,Acme_Corp,Basic,49.0,Churned,3348,30.21,2026-05-12,1,110.82,Standard_Utilization
ACC_10385,Beta_Industries,Professional,149.0,Active,78076,190.82,2026-03-26,0,409.16,High_Utilization
ACC_10386,Beta_Industries,Professional,149.0,Active,31848,407.16,2026-02-16,0,78.22,High_Utilization
ACC_10387,Acme_Corp,Basic,49.0,Active,12056,12.38,2025-10-31,0,973.83,Standard_Utilization
ACC_10388,Omega_Labs,Enterprise,499.0,Active,27466,406.77,2026-03-08,0,67.52,High_Utilization
ACC_10389,Beta_Industries,Enterprise,499.0,Active,25096,99.1,2026-05-08,0,253.24,Standard_Utilization
ACC_10390,Delta_Systems,Enterprise,499.0,Active,39810,122.88,2025-05-04,0,323.97,High_Utilization
ACC_10391,Delta_Systems,Enterprise,499.0,Active,79112,240.37,2025-11-20,0,329.13,High_Utilization
ACC_10392,Delta_Systems,Professional,149.0,Active,50615,129.5,2026-01-16,0,390.85,High_Utilization
ACC_10393,Omega_Labs,Professional,149.0,Active,72930,266.83,2025-06-06,0,273.32,High_Utilization
ACC_10394,Omega_Labs,Professional,149.0,Churned,1691,200.85,2025-06-07,1,8.42,High_Utilization
ACC_10395,Acme_Corp,Professional,149.0,Active,44639,91.95,2025-12-16,0,485.47,Standard_Utilization
ACC_10396,Acme_Corp,Enterprise,499.0,Active,19243,397.01,2026-03-23,0,48.47,High_Utilization
ACC_10397,Acme_Corp,Professional,149.0,Churned,1485,44.89,2025-02-05,1,33.08,Standard_Utilization
ACC_10398,Beta_Industries,Basic,49.0,Churned,1718,31.69,2026-01-11,1,54.21,Standard_Utilization
ACC_10399,Delta_Systems,Basic,49.0,Active,24169,25.81,2026-02-10,0,936.42,Standard_Utilization
ACC_10400,Omega_Labs,Basic,49.0,Active,82429,8.82,2025-01-09,0,9345.68,Standard_Utilization
ACC_10401,Acme_Corp,Basic,49.0,Active,72331,17.74,2025-03-13,0,4077.28,Standard_Utilization
ACC_10402,Beta_Industries,Enterprise,499.0,Active,56326,425.81,2025-03-09,0,132.28,High_Utilization
ACC_10403,Delta_Systems,Professional,149.0,Active,82071,76.13,2025-05-26,0,1078.04,Standard_Utilization
ACC_10404,Delta_Systems,Professional,149.0,Active,26660,368.83,2025-06-24,0,72.28,High_Utilization
ACC_10405,Beta_Industries,Basic,49.0,Active,49604,9.0,2025-05-29,0,5511.55,Standard_Utilization
ACC_10406,Acme_Corp,Enterprise,499.0,Active,40890,274.03,2026-04-21,0,149.22,High_Utilization
ACC_10407,Beta_Industries,Basic,49.0,Active,58284,24.89,2025-03-18,0,2341.66,Standard_Utilization
ACC_10408,Beta_Industries,Enterprise,499.0,Active,94518,222.19,2025-03-26,0,425.39,High_Utilization
ACC_10409,Acme_Corp,Enterprise,499.0,Active,56254,495.64,2025-08-29,0,113.5,High_Utilization
ACC_10410,Omega_Labs,Professional,149.0,Active,18125,169.61,2025-03-09,0,106.86,High_Utilization
ACC_10411,Omega_Labs,Enterprise,499.0,Active,12823,44.2,2026-05-09,0,290.11,Standard_Utilization
ACC_10412,Acme_Corp,Enterprise,499.0,Active,55124,114.49,2025-05-16,0,481.47,High_Utilization
ACC_10413,Acme_Corp,Enterprise,499.0,Churned,3723,335.3,2025-09-26,1,11.1,High_Utilization
ACC_10414,Omega_Labs,Enterprise,499.0,Churned,2833,440.22,2025-05-29,1,6.44,High_Utilization
ACC_10415,Beta_Industries,Enterprise,499.0,Active,45613,167.5,2025-10-27,0,272.32,High_Utilization
ACC_10416,Beta_Industries,Professional,149.0,Active,19701,182.43,2025-06-21,0,107.99,High_Utilization
ACC_10417,Delta_Systems,Professional,149.0,Active,53863,31.48,2025-10-13,0,1711.02,Standard_Utilization
ACC_10418,Omega_Labs,Professional,149.0,Churned,1878,318.03,2026-03-29,1,5.91,High_Utilization
ACC_10419,Delta_Systems,Basic,49.0,Active,89233,22.57,2025-07-27,0,3953.61,Standard_Utilization
ACC_10420,Omega_Labs,Basic,49.0,Churned,3729,39.79,2026-01-31,1,93.72,Standard_Utilization
ACC_10421,Omega_Labs,Professional,149.0,Active,56422,77.48,2025-10-06,0,728.21,Standard_Utilization
ACC_10422,Acme_Corp,Basic,49.0,Active,98952,4.74,2025-10-13,0,20875.91,Standard_Utilization
ACC_10423,Beta_Industries,Professional,149.0,Churned,4905,65.17,2025-08-19,1,75.26,Standard_Utilization
ACC_10424,Omega_Labs,Professional,149.0,Churned,2566,19.53,2025-08-14,1,131.39,Standard_Utilization
ACC_10425,Acme_Corp,Enterprise,499.0,Active,84828,45.19,2025-08-25,0,1877.14,Standard_Utilization
ACC_10426,Delta_Systems,Basic,49.0,Active,55614,41.28,2026-03-25,0,1347.24,Standard_Utilization
ACC_10427,Beta_Industries,Enterprise,499.0,Active,65477,258.57,2025-07-15,0,253.23,High_Utilization
ACC_10428,Delta_Systems,Professional,149.0,Active,4937,283.94,2025-05-23,0,17.39,High_Utilization
ACC_10429,Omega_Labs,Professional,149.0,Churned,570,59.51,2025-08-27,1,9.58,Standard_Utilization
ACC_10430,Beta_Industries,Basic,49.0,Active,61131,26.67,2025-06-07,0,2292.13,Standard_Utilization
ACC_10431,Beta_Industries,Professional,149.0,Active,32250,153.38,2025-12-02,0,210.26,High_Utilization
ACC_10432,Acme_Corp,Enterprise,499.0,Active,7221,78.16,2025-06-12,0,92.39,Standard_Utilization
ACC_10433,Delta_Systems,Professional,149.0,Active,55749,321.02,2025-10-03,0,173.66,High_Utilization
ACC_10434,Acme_Corp,Professional,149.0,Active,64809,157.89,2025-09-10,0,410.47,High_Utilization
ACC_10435,Delta_Systems,Professional,149.0,Active,31555,382.76,2025-04-20,0,82.44,High_Utilization
ACC_10436,Acme_Corp,Enterprise,499.0,Active,23929,74.47,2026-03-01,0,321.32,Standard_Utilization
ACC_10437,Acme_Corp,Professional,149.0,Churned,973,68.88,2026-02-09,1,14.13,Standard_Utilization
ACC_10438,Omega_Labs,Basic,49.0,Churned,4233,21.68,2025-01-12,1,195.25,Standard_Utilization
ACC_10439,Acme_Corp,Enterprise,499.0,Active,52688,54.17,2025-01-20,0,972.64,Standard_Utilization
ACC_10440,Beta_Industries,Basic,49.0,Active,61045,32.55,2025-09-11,0,1875.42,Standard_Utilization
ACC_10441,Delta_Systems,Enterprise,499.0,Active,43413,230.71,2025-01-05,0,188.17,High_Utilization
ACC_10442,Beta_Industries,Professional,149.0,Active,46832,310.32,2025-06-27,0,150.92,High_Utilization
ACC_10443,Delta_Systems,Basic,49.0,Active,45436,7.2,2025-03-24,0,6310.55,Standard_Utilization
ACC_10444,Acme_Corp,Professional,149.0,Active,6906,346.54,2026-01-06,0,19.93,High_Utilization
ACC_10445,Omega_Labs,Basic,49.0,Churned,1648,11.52,2025-09-17,1,143.06,Standard_Utilization
ACC_10446,Acme_Corp,Enterprise,499.0,Churned,3302,312.51,2025-11-04,1,10.57,High_Utilization
ACC_10447,Omega_Labs,Professional,149.0,Active,15922,396.36,2025-06-27,0,40.17,High_Utilization
ACC_10448,Delta_Systems,Professional,149.0,Churned,2149,241.59,2026-04-28,1,8.9,High_Utilization
ACC_10449,Delta_Systems,Basic,49.0,Active,69752,0.65,2025-03-27,0,107309.12,Standard_Utilization
ACC_10450,Beta_Industries,Professional,149.0,Active,73794,291.7,2026-02-09,0,252.98,High_Utilization
ACC_10451,Delta_Systems,Professional,149.0,Churned,910,108.78,2026-02-27,1,8.37,High_Utilization
ACC_10452,Acme_Corp,Professional,149.0,Active,57032,100.63,2026-05-08,0,566.75,Standard_Utilization
ACC_10453,Acme_Corp,Basic,49.0,Churned,474,5.58,2025-06-13,1,84.95,Standard_Utilization
ACC_10454,Omega_Labs,Enterprise,499.0,Active,29800,244.89,2026-02-09,0,121.69,High_Utilization
ACC_10455,Omega_Labs,Professional,149.0,Churned,3845,326.38,2025-04-22,1,11.78,High_Utilization
ACC_10456,Delta_Systems,Basic,49.0,Active,31120,23.03,2026-03-12,0,1351.28,Standard_Utilization
ACC_10457,Acme_Corp,Professional,149.0,Active,53852,52.42,2025-04-23,0,1027.32,Standard_Utilization
ACC_10458,Omega_Labs,Basic,49.0,Active,65141,21.94,2025-05-09,0,2969.05,Standard_Utilization
ACC_10459,Acme_Corp,Basic,49.0,Active,20781,12.73,2025-08-30,0,1632.44,Standard_Utilization
ACC_10460,Omega_Labs,Basic,49.0,Churned,4864,33.0,2025-07-22,1,147.39,Standard_Utilization
ACC_10461,Delta_Systems,Professional,149.0,Churned,88,444.86,2026-03-09,1,0.2,High_Utilization
ACC_10462,Delta_Systems,Basic,49.0,Active,30611,49.41,2025-03-10,0,619.53,Standard_Utilization
ACC_10463,Delta_Systems,Basic,49.0,Churned,3281,4.33,2025-11-29,1,757.73,Standard_Utilization
ACC_10464,Delta_Systems,Basic,49.0,Active,90070,0.7,2026-03-11,0,128669.59,Standard_Utilization
ACC_10465,Acme_Corp,Basic,49.0,Churned,1960,14.9,2025-11-10,1,131.54,Standard_Utilization
ACC_10466,Delta_Systems,Enterprise,499.0,Active,64527,178.39,2026-01-26,0,361.72,High_Utilization
ACC_10467,Beta_Industries,Basic,49.0,Active,76795,13.33,2025-12-16,0,5761.06,Standard_Utilization
ACC_10468,Beta_Industries,Enterprise,499.0,Churned,3301,449.6,2026-01-03,1,7.34,High_Utilization
ACC_10469,Omega_Labs,Basic,49.0,Active,97218,10.36,2026-03-26,0,9383.97,Standard_Utilization
ACC_10470,Acme_Corp,Professional,149.0,Churned,1650,322.49,2025-03-19,1,5.12,High_Utilization
ACC_10471,Beta_Industries,Enterprise,499.0,Active,58213,162.12,2025-09-12,0,359.07,High_Utilization
ACC_10472,Omega_Labs,Enterprise,499.0,Churned,2431,243.78,2025-09-15,1,9.97,High_Utilization
ACC_10473,Omega_Labs,Enterprise,499.0,Churned,3369,328.75,2025-10-15,1,10.25,High_Utilization
ACC_10474,Delta_Systems,Professional,149.0,Active,58779,299.87,2025-09-30,0,196.01,High_Utilization
ACC_10475,Acme_Corp,Basic,49.0,Churned,4951,22.03,2025-11-11,1,224.74,Standard_Utilization
ACC_10476,Acme_Corp,Professional,149.0,Active,2961,464.27,2026-05-15,0,6.38,High_Utilization
ACC_10477,Omega_Labs,Enterprise,499.0,Active,61832,144.02,2025-04-23,0,429.33,High_Utilization
ACC_10478,Omega_Labs,Professional,149.0,Active,76772,130.33,2025-02-08,0,589.06,High_Utilization
ACC_10479,Delta_Systems,Professional,149.0,Active,16497,421.24,2026-02-01,0,39.16,High_Utilization
ACC_10480,Omega_Labs,Professional,149.0,Active,15071,28.35,2025-05-31,0,531.6,Standard_Utilization
ACC_10481,Omega_Labs,Professional,149.0,Active,59212,468.79,2025-08-23,0,126.31,High_Utilization
ACC_10482,Acme_Corp,Basic,49.0,Active,64528,34.3,2025-09-15,0,1881.28,Standard_Utilization
ACC_10483,Omega_Labs,Enterprise,499.0,Active,92098,253.67,2025-04-05,0,363.06,High_Utilization
ACC_10484,Omega_Labs,Basic,49.0,Active,27544,29.56,2025-06-20,0,931.8,Standard_Utilization
ACC_10485,Omega_Labs,Enterprise,499.0,Active,84486,77.06,2025-04-28,0,1096.37,Standard_Utilization
ACC_10486,Beta_Industries,Enterprise,499.0,Churned,1314,380.92,2026-01-02,1,3.45,High_Utilization
ACC_10487,Delta_Systems,Professional,149.0,Active,65595,124.47,2025-05-24,0,526.99,High_Utilization
ACC_10488,Acme_Corp,Enterprise,499.0,Active,63446,201.64,2026-01-23,0,314.65,High_Utilization
ACC_10489,Beta_Industries,Professional,149.0,Active,3581,371.56,2026-04-18,0,9.64,High_Utilization
ACC_10490,Beta_Industries,Enterprise,499.0,Active,77365,178.66,2026-02-15,0,433.03,High_Utilization
ACC_10491,Acme_Corp,Basic,49.0,Churned,2291,38.07,2026-02-24,1,60.18,Standard_Utilization
ACC_10492,Beta_Industries,Basic,49.0,Active,14444,47.91,2025-01-14,0,301.48,Standard_Utilization
ACC_10493,Acme_Corp,Enterprise,499.0,Churned,3905,251.77,2025-08-31,1,15.51,High_Utilization
ACC_10494,Beta_Industries,Enterprise,499.0,Active,18813,443.27,2025-05-12,0,42.44,High_Utilization
ACC_10495,Delta_Systems,Professional,149.0,Active,79145,348.27,2025-08-18,0,227.25,High_Utilization
ACC_10496,Acme_Corp,Professional,149.0,Active,62127,397.41,2026-03-06,0,156.33,High_Utilization
ACC_10497,Omega_Labs,Basic,49.0,Active,68599,25.55,2025-03-12,0,2684.89,Standard_Utilization
ACC_10498,Delta_Systems,Basic,49.0,Churned,2957,2.73,2025-07-05,1,1083.15,Standard_Utilization
ACC_10499,Omega_Labs,Professional,149.0,Active,14726,136.01,2025-03-23,0,108.27,High_Utilization
ACC_10500,Omega_Labs,Enterprise,499.0,Active,6497,75.78,2025-11-15,0,85.74,Standard_Utilization
ACC_10501,Omega_Labs,Basic,49.0,Churned,2984,41.27,2025-01-30,1,72.3,Standard_Utilization
ACC_10502,Delta_Systems,Basic,49.0,Churned,4288,36.8,2025-12-16,1,116.52,Standard_Utilization
ACC_10503,Acme_Corp,Professional,149.0,Active,50788,299.72,2025-04-26,0,169.45,High_Utilization
ACC_10504,Delta_Systems,Enterprise,499.0,Active,34287,150.77,2025-11-09,0,227.41,High_Utilization
ACC_10505,Acme_Corp,Basic,49.0,Active,50311,39.3,2025-09-17,0,1280.18,Standard_Utilization
ACC_10506,Delta_Systems,Enterprise,499.0,Active,84545,373.99,2025-02-16,0,226.06,High_Utilization
ACC_10507,Delta_Systems,Basic,49.0,Active,96304,48.98,2026-02-04,0,1966.19,Standard_Utilization
ACC_10508,Delta_Systems,Basic,49.0,Active,6897,29.37,2025-04-23,0,234.83,Standard_Utilization
ACC_10509,Beta_Industries,Basic,49.0,Active,85030,47.04,2025-12-31,0,1807.61,Standard_Utilization
ACC_10510,Beta_Industries,Enterprise,499.0,Active,82406,189.39,2026-02-14,0,435.11,High_Utilization
ACC_10511,Omega_Labs,Basic,49.0,Churned,713,24.2,2025-02-18,1,29.46,Standard_Utilization
ACC_10512,Beta_Industries,Professional,149.0,Churned,2988,219.27,2025-05-06,1,13.63,High_Utilization
ACC_10513,Acme_Corp,Professional,149.0,Active,17569,305.7,2025-07-01,0,57.47,High_Utilization
ACC_10514,Omega_Labs,Basic,49.0,Active,14475,23.66,2025-03-25,0,611.79,Standard_Utilization
ACC_10515,Acme_Corp,Professional,149.0,Churned,4723,142.17,2025-12-30,1,33.22,High_Utilization
ACC_10516,Omega_Labs,Enterprise,499.0,Active,20175,393.88,2026-03-15,0,51.22,High_Utilization
ACC_10517,Beta_Industries,Professional,149.0,Active,8396,388.69,2025-04-16,0,21.6,High_Utilization
ACC_10518,Omega_Labs,Basic,49.0,Active,59563,2.42,2025-08-16,0,24612.71,Standard_Utilization
ACC_10519,Beta_Industries,Professional,149.0,Active,16392,266.91,2026-03-17,0,61.41,High_Utilization
ACC_10520,Acme_Corp,Enterprise,499.0,Active,97394,119.54,2025-03-11,0,814.74,High_Utilization
ACC_10521,Omega_Labs,Enterprise,499.0,Churned,3736,441.24,2026-04-17,1,8.47,High_Utilization
ACC_10522,Acme_Corp,Professional,149.0,Active,23169,365.81,2026-05-07,0,63.34,High_Utilization
ACC_10523,Beta_Industries,Basic,49.0,Active,35021,9.64,2025-03-10,0,3632.88,Standard_Utilization
ACC_10524,Acme_Corp,Enterprise,499.0,Active,62792,304.85,2025-12-11,0,205.98,High_Utilization
ACC_10525,Acme_Corp,Basic,49.0,Active,7845,36.03,2025-06-10,0,217.74,Standard_Utilization
ACC_10526,Delta_Systems,Professional,149.0,Active,33865,281.27,2025-11-23,0,120.4,High_Utilization
ACC_10527,Acme_Corp,Basic,49.0,Active,72207,36.17,2025-12-20,0,1996.32,Standard_Utilization
ACC_10528,Acme_Corp,Enterprise,499.0,Active,87044,307.03,2025-06-26,0,283.5,High_Utilization
ACC_10529,Beta_Industries,Professional,149.0,Active,48445,84.14,2025-03-06,0,575.77,Standard_Utilization
ACC_10530,Beta_Industries,Professional,149.0,Churned,3147,50.13,2025-02-26,1,62.78,Standard_Utilization
ACC_10531,Omega_Labs,Enterprise,499.0,Active,93769,146.36,2025-06-16,0,640.67,High_Utilization
ACC_10532,Delta_Systems,Professional,149.0,Churned,620,27.4,2025-02-28,1,22.63,Standard_Utilization
ACC_10533,Delta_Systems,Basic,49.0,Churned,2334,8.32,2025-02-01,1,280.53,Standard_Utilization
ACC_10534,Delta_Systems,Professional,149.0,Churned,2801,439.1,2025-08-02,1,6.38,High_Utilization
ACC_10535,Beta_Industries,Professional,149.0,Active,28124,280.75,2026-01-16,0,100.17,High_Utilization
ACC_10536,Omega_Labs,Professional,149.0,Active,82316,48.43,2026-03-23,0,1699.69,Standard_Utilization
ACC_10537,Delta_Systems,Basic,49.0,Active,19158,5.36,2026-05-15,0,3574.25,Standard_Utilization
ACC_10538,Omega_Labs,Enterprise,499.0,Active,79525,48.06,2026-01-14,0,1654.7,Standard_Utilization
ACC_10539,Acme_Corp,Enterprise,499.0,Active,61501,48.38,2025-09-25,0,1271.21,Standard_Utilization
ACC_10540,Omega_Labs,Basic,49.0,Churned,4664,9.87,2026-04-30,1,472.54,Standard_Utilization
ACC_10541,Beta_Industries,Professional,149.0,Active,29639,279.57,2025-11-12,0,106.02,High_Utilization
ACC_10542,Beta_Industries,Enterprise,499.0,Churned,2934,453.21,2026-01-22,1,6.47,High_Utilization
ACC_10543,Beta_Industries,Enterprise,499.0,Churned,2986,299.66,2026-05-01,1,9.96,High_Utilization
ACC_10544,Delta_Systems,Basic,49.0,Churned,697,7.69,2026-01-15,1,90.64,Standard_Utilization
ACC_10545,Omega_Labs,Professional,149.0,Active,6406,441.38,2026-01-01,0,14.51,High_Utilization
ACC_10546,Omega_Labs,Enterprise,499.0,Active,54900,209.75,2026-01-10,0,261.74,High_Utilization
ACC_10547,Delta_Systems,Basic,49.0,Active,56981,8.38,2025-06-07,0,6799.63,Standard_Utilization
ACC_10548,Beta_Industries,Professional,149.0,Active,8938,66.22,2025-02-28,0,134.97,Standard_Utilization
ACC_10549,Acme_Corp,Basic,49.0,Active,27319,36.0,2025-12-19,0,758.86,Standard_Utilization
ACC_10550,Beta_Industries,Professional,149.0,Active,33494,94.92,2025-05-13,0,352.87,Standard_Utilization
ACC_10551,Acme_Corp,Basic,49.0,Churned,655,35.54,2026-05-01,1,18.43,Standard_Utilization
ACC_10552,Omega_Labs,Basic,49.0,Active,52642,32.62,2026-03-26,0,1613.79,Standard_Utilization
ACC_10553,Acme_Corp,Basic,49.0,Churned,1164,44.0,2025-08-14,1,26.45,Standard_Utilization
ACC_10554,Beta_Industries,Professional,149.0,Churned,3841,44.96,2025-10-04,1,85.43,Standard_Utilization
ACC_10555,Acme_Corp,Basic,49.0,Active,45596,37.01,2025-06-29,0,1231.99,Standard_Utilization
ACC_10556,Beta_Industries,Professional,149.0,Active,84746,311.03,2026-03-17,0,272.47,High_Utilization
ACC_10557,Beta_Industries,Basic,49.0,Active,18558,42.2,2025-04-18,0,439.76,Standard_Utilization
ACC_10558,Delta_Systems,Enterprise,499.0,Active,28016,338.57,2025-07-31,0,82.75,High_Utilization
ACC_10559,Beta_Industries,Enterprise,499.0,Churned,165,341.31,2025-09-05,1,0.48,High_Utilization
ACC_10560,Beta_Industries,Basic,49.0,Churned,3840,14.04,2025-05-04,1,273.5,Standard_Utilization
ACC_10561,Delta_Systems,Enterprise,499.0,Churned,4638,18.04,2026-03-18,1,257.1,Standard_Utilization
ACC_10562,Acme_Corp,Basic,49.0,Active,49281,45.19,2026-05-15,0,1090.53,Standard_Utilization
ACC_10563,Acme_Corp,Enterprise,499.0,Active,51439,332.99,2025-12-21,0,154.48,High_Utilization
ACC_10564,Beta_Industries,Enterprise,499.0,Active,73454,1.59,2025-05-14,0,46197.19,Standard_Utilization
ACC_10565,Delta_Systems,Enterprise,499.0,Active,72737,230.99,2026-01-11,0,314.89,High_Utilization
ACC_10566,Omega_Labs,Basic,49.0,Churned,3628,20.7,2025-07-09,1,175.27,Standard_Utilization
ACC_10567,Delta_Systems,Professional,149.0,Active,8972,211.59,2025-03-25,0,42.4,High_Utilization
ACC_10568,Beta_Industries,Professional,149.0,Active,54409,429.38,2025-08-03,0,126.72,High_Utilization
ACC_10569,Delta_Systems,Professional,149.0,Active,22278,402.75,2026-01-22,0,55.31,High_Utilization
ACC_10570,Omega_Labs,Basic,49.0,Active,73266,28.0,2025-07-25,0,2616.64,Standard_Utilization
ACC_10571,Omega_Labs,Enterprise,499.0,Active,52642,225.75,2025-10-02,0,233.19,High_Utilization
ACC_10572,Omega_Labs,Professional,149.0,Active,52375,49.62,2025-11-13,0,1055.52,Standard_Utilization
ACC_10573,Beta_Industries,Basic,49.0,Churned,3457,14.26,2025-06-10,1,242.43,Standard_Utilization
ACC_10574,Beta_Industries,Enterprise,499.0,Active,11740,151.01,2025-08-15,0,77.74,High_Utilization
ACC_10575,Beta_Industries,Basic,49.0,Churned,997,42.63,2025-03-09,1,23.39,Standard_Utilization
ACC_10576,Acme_Corp,Basic,49.0,Active,63595,9.35,2025-03-27,0,6801.6,Standard_Utilization
ACC_10577,Delta_Systems,Basic,49.0,Active,52131,1.83,2026-01-04,0,28486.73,Standard_Utilization
ACC_10578,Delta_Systems,Enterprise,499.0,Churned,1595,287.31,2026-05-09,1,5.55,High_Utilization
ACC_10579,Acme_Corp,Basic,49.0,Churned,3950,29.99,2025-10-03,1,131.71,Standard_Utilization
ACC_10580,Acme_Corp,Basic,49.0,Active,85936,1.73,2025-07-20,0,49673.7,Standard_Utilization
ACC_10581,Delta_Systems,Basic,49.0,Active,60371,28.63,2025-08-04,0,2108.66,Standard_Utilization
ACC_10582,Acme_Corp,Enterprise,499.0,Active,92991,455.47,2026-02-28,0,204.16,High_Utilization
ACC_10583,Beta_Industries,Enterprise,499.0,Active,27149,83.67,2025-12-27,0,324.48,Standard_Utilization
ACC_10584,Beta_Industries,Basic,49.0,Active,96519,39.46,2025-02-07,0,2446.0,Standard_Utilization
ACC_10585,Delta_Systems,Enterprise,499.0,Active,31759,118.24,2025-12-14,0,268.6,High_Utilization
ACC_10586,Omega_Labs,Basic,49.0,Active,47071,47.53,2025-12-08,0,990.34,Standard_Utilization
ACC_10587,Beta_Industries,Enterprise,499.0,Active,43252,135.58,2025-12-27,0,319.01,High_Utilization
ACC_10588,Beta_Industries,Professional,149.0,Active,94405,181.88,2025-06-02,0,519.05,High_Utilization
ACC_10589,Omega_Labs,Professional,149.0,Active,41083,120.57,2025-10-10,0,340.74,High_Utilization
ACC_10590,Beta_Industries,Basic,49.0,Active,43104,24.15,2025-04-03,0,1784.84,Standard_Utilization
ACC_10591,Omega_Labs,Professional,149.0,Active,56544,237.93,2026-03-08,0,237.65,High_Utilization
ACC_10592,Acme_Corp,Basic,49.0,Active,43556,0.48,2026-05-01,0,90739.78,Standard_Utilization
ACC_10593,Beta_Industries,Enterprise,499.0,Churned,4707,232.23,2026-01-15,1,20.27,High_Utilization
ACC_10594,Acme_Corp,Basic,49.0,Churned,2439,13.96,2025-11-14,1,174.71,Standard_Utilization
ACC_10595,Omega_Labs,Basic,49.0,Active,34123,26.63,2025-02-10,0,1281.37,Standard_Utilization
ACC_10596,Delta_Systems,Enterprise,499.0,Active,22554,247.53,2025-02-10,0,91.12,High_Utilization
ACC_10597,Delta_Systems,Professional,149.0,Active,83776,464.82,2026-01-30,0,180.23,High_Utilization
ACC_10598,Acme_Corp,Basic,49.0,Churned,28,20.61,2025-04-18,1,1.36,Standard_Utilization
ACC_10599,Omega_Labs,Basic,49.0,Active,72624,15.54,2025-04-19,0,4673.36,Standard_Utilization
ACC_10600,Acme_Corp,Professional,149.0,Active,3821,361.11,2026-04-21,0,10.58,High_Utilization
ACC_10601,Acme_Corp,Enterprise,499.0,Active,53393,129.92,2025-12-09,0,410.97,High_Utilization
ACC_10602,Delta_Systems,Basic,49.0,Active,23877,12.91,2025-12-06,0,1849.5,Standard_Utilization
ACC_10603,Omega_Labs,Professional,149.0,Active,25495,185.47,2025-05-07,0,137.46,High_Utilization
ACC_10604,Delta_Systems,Enterprise,499.0,Churned,3818,203.01,2026-02-28,1,18.81,High_Utilization
ACC_10605,Delta_Systems,Enterprise,499.0,Active,71925,334.78,2026-02-27,0,214.84,High_Utilization
ACC_10606,Acme_Corp,Professional,149.0,Active,10558,299.95,2025-11-03,0,35.2,High_Utilization
ACC_10607,Beta_Industries,Professional,149.0,Active,64700,306.87,2025-04-28,0,210.84,High_Utilization
ACC_10608,Omega_Labs,Enterprise,499.0,Churned,2724,370.88,2026-03-30,1,7.34,High_Utilization
ACC_10609,Acme_Corp,Professional,149.0,Active,94033,72.36,2026-02-04,0,1299.52,Standard_Utilization
ACC_10610,Acme_Corp,Basic,49.0,Active,2782,24.35,2025-09-25,0,114.25,Standard_Utilization
ACC_10611,Acme_Corp,Enterprise,499.0,Active,75464,404.3,2025-12-23,0,186.65,High_Utilization
ACC_10612,Delta_Systems,Enterprise,499.0,Active,51083,326.67,2025-10-06,0,156.37,High_Utilization
ACC_10613,Omega_Labs,Basic,49.0,Active,36768,13.84,2025-04-17,0,2656.65,Standard_Utilization
ACC_10614,Acme_Corp,Professional,149.0,Active,36527,114.3,2025-01-30,0,319.57,High_Utilization
ACC_10615,Omega_Labs,Enterprise,499.0,Active,52895,458.44,2025-06-05,0,115.38,High_Utilization
ACC_10616,Delta_Systems,Enterprise,499.0,Churned,2051,185.97,2025-03-16,1,11.03,High_Utilization
ACC_10617,Beta_Industries,Basic,49.0,Churned,3371,8.43,2025-06-16,1,399.88,Standard_Utilization
ACC_10618,Acme_Corp,Enterprise,499.0,Churned,1601,381.31,2026-02-25,1,4.2,High_Utilization
ACC_10619,Delta_Systems,Enterprise,499.0,Active,40879,190.39,2025-07-21,0,214.71,High_Utilization
ACC_10620,Delta_Systems,Enterprise,499.0,Active,12238,205.7,2026-04-24,0,59.49,High_Utilization
ACC_10621,Acme_Corp,Basic,49.0,Active,23352,26.6,2025-03-05,0,877.89,Standard_Utilization
ACC_10622,Omega_Labs,Professional,149.0,Active,49015,84.93,2025-01-31,0,577.12,Standard_Utilization
ACC_10623,Beta_Industries,Basic,49.0,Active,20299,25.32,2026-01-11,0,801.7,Standard_Utilization
ACC_10624,Delta_Systems,Basic,49.0,Churned,1188,10.52,2025-06-03,1,112.93,Standard_Utilization
ACC_10625,Delta_Systems,Enterprise,499.0,Active,26917,157.63,2025-02-20,0,170.76,High_Utilization
ACC_10626,Acme_Corp,Enterprise,499.0,Active,53661,450.19,2025-01-30,0,119.2,High_Utilization
ACC_10627,Acme_Corp,Basic,49.0,Active,8536,23.75,2025-05-04,0,359.41,Standard_Utilization
ACC_10628,Beta_Industries,Professional,149.0,Churned,2426,45.47,2025-07-20,1,53.35,Standard_Utilization
ACC_10629,Delta_Systems,Enterprise,499.0,Active,60000,485.41,2026-05-15,0,123.61,High_Utilization
ACC_10630,Beta_Industries,Basic,49.0,Active,2852,26.66,2026-05-04,0,106.98,Standard_Utilization
ACC_10631,Acme_Corp,Professional,149.0,Active,76618,221.06,2026-01-14,0,346.59,High_Utilization
ACC_10632,Beta_Industries,Professional,149.0,Churned,4867,30.24,2025-04-19,1,160.95,Standard_Utilization
ACC_10633,Beta_Industries,Enterprise,499.0,Churned,309,415.6,2025-01-21,1,0.74,High_Utilization
ACC_10634,Omega_Labs,Enterprise,499.0,Active,31154,70.89,2025-04-02,0,439.47,Standard_Utilization
ACC_10635,Delta_Systems,Basic,49.0,Active,27262,10.44,2025-12-20,0,2611.3,Standard_Utilization
ACC_10636,Acme_Corp,Basic,49.0,Active,57669,31.21,2025-09-09,0,1847.77,Standard_Utilization
ACC_10637,Acme_Corp,Professional,149.0,Active,58842,198.48,2025-06-14,0,296.46,High_Utilization
ACC_10638,Omega_Labs,Basic,49.0,Active,92521,11.46,2025-04-11,0,8073.38,Standard_Utilization
ACC_10639,Omega_Labs,Enterprise,499.0,Active,25342,177.7,2025-12-20,0,142.61,High_Utilization
ACC_10640,Delta_Systems,Professional,149.0,Active,56190,275.34,2025-09-03,0,204.07,High_Utilization
ACC_10641,Acme_Corp,Basic,49.0,Churned,1970,43.87,2025-01-20,1,44.91,Standard_Utilization
ACC_10642,Omega_Labs,Professional,149.0,Active,60511,242.48,2026-01-06,0,249.55,High_Utilization
ACC_10643,Omega_Labs,Professional,149.0,Active,73305,261.94,2025-07-02,0,279.85,High_Utilization
ACC_10644,Beta_Industries,Enterprise,499.0,Active,62654,459.49,2026-02-15,0,136.36,High_Utilization
ACC_10645,Delta_Systems,Professional,149.0,Active,55720,490.4,2025-06-28,0,113.62,High_Utilization
ACC_10646,Beta_Industries,Enterprise,499.0,Active,52471,403.58,2025-08-27,0,130.01,High_Utilization
ACC_10647,Delta_Systems,Enterprise,499.0,Active,82535,3.08,2025-11-24,0,26796.99,Standard_Utilization
ACC_10648,Acme_Corp,Basic,49.0,Active,80518,15.66,2025-12-18,0,5141.63,Standard_Utilization
ACC_10649,Delta_Systems,Enterprise,499.0,Active,26018,313.86,2025-01-13,0,82.9,High_Utilization
ACC_10650,Delta_Systems,Enterprise,499.0,Churned,2537,464.73,2025-04-24,1,5.46,High_Utilization
ACC_10651,Beta_Industries,Enterprise,499.0,Active,19837,68.52,2025-02-23,0,289.51,Standard_Utilization
ACC_10652,Beta_Industries,Basic,49.0,Churned,3762,14.01,2025-07-23,1,268.52,Standard_Utilization
ACC_10653,Omega_Labs,Professional,149.0,Active,57122,495.29,2025-08-10,0,115.33,High_Utilization
ACC_10654,Beta_Industries,Professional,149.0,Active,12090,2.66,2026-05-03,0,4545.1,Standard_Utilization
ACC_10655,Delta_Systems,Basic,49.0,Churned,1582,37.05,2025-01-25,1,42.7,Standard_Utilization
ACC_10656,Acme_Corp,Basic,49.0,Churned,2245,32.96,2025-05-16,1,68.11,Standard_Utilization
ACC_10657,Delta_Systems,Basic,49.0,Churned,2251,5.31,2025-02-04,1,423.92,Standard_Utilization
ACC_10658,Delta_Systems,Basic,49.0,Active,49011,34.4,2026-03-06,0,1424.74,Standard_Utilization
ACC_10659,Delta_Systems,Professional,149.0,Active,24822,316.6,2025-12-21,0,78.4,High_Utilization
ACC_10660,Acme_Corp,Basic,49.0,Churned,2102,47.76,2025-10-17,1,44.01,Standard_Utilization
ACC_10661,Delta_Systems,Professional,149.0,Churned,2432,421.27,2025-03-07,1,5.77,High_Utilization
ACC_10662,Omega_Labs,Professional,149.0,Churned,4555,355.49,2025-11-18,1,12.81,High_Utilization
ACC_10663,Omega_Labs,Enterprise,499.0,Active,68987,147.32,2025-10-17,0,468.28,High_Utilization
ACC_10664,Omega_Labs,Professional,149.0,Active,24282,239.0,2025-01-27,0,101.6,High_Utilization
ACC_10665,Acme_Corp,Basic,49.0,Active,33704,1.78,2025-06-07,0,18934.73,Standard_Utilization
ACC_10666,Delta_Systems,Basic,49.0,Active,31250,44.44,2025-11-09,0,703.2,Standard_Utilization
ACC_10667,Delta_Systems,Professional,149.0,Active,90071,312.95,2025-01-10,0,287.81,High_Utilization
ACC_10668,Omega_Labs,Professional,149.0,Active,16737,411.53,2025-06-27,0,40.67,High_Utilization
ACC_10669,Omega_Labs,Enterprise,499.0,Active,84727,72.72,2025-01-30,0,1165.11,Standard_Utilization
ACC_10670,Delta_Systems,Professional,149.0,Churned,4055,441.17,2025-04-29,1,9.19,High_Utilization
ACC_10671,Omega_Labs,Professional,149.0,Active,7516,374.7,2025-03-16,0,20.06,High_Utilization
ACC_10672,Delta_Systems,Basic,49.0,Active,89581,39.17,2025-08-29,0,2286.98,Standard_Utilization
ACC_10673,Beta_Industries,Professional,149.0,Active,28490,292.26,2025-07-28,0,97.48,High_Utilization
ACC_10674,Omega_Labs,Basic,49.0,Active,81311,37.07,2025-11-21,0,2193.44,Standard_Utilization
ACC_10675,Acme_Corp,Enterprise,499.0,Active,71774,136.29,2025-03-06,0,526.63,High_Utilization
ACC_10676,Delta_Systems,Professional,149.0,Churned,828,217.76,2026-03-28,1,3.8,High_Utilization
ACC_10677,Acme_Corp,Professional,149.0,Churned,3502,59.34,2025-02-25,1,59.02,Standard_Utilization
ACC_10678,Delta_Systems,Professional,149.0,Active,92622,422.36,2026-02-21,0,219.3,High_Utilization
ACC_10679,Delta_Systems,Professional,149.0,Active,86216,356.95,2025-01-23,0,241.54,High_Utilization
ACC_10680,Acme_Corp,Basic,49.0,Active,90463,6.57,2025-01-24,0,13769.08,Standard_Utilization
ACC_10681,Omega_Labs,Enterprise,499.0,Active,71868,54.02,2025-04-04,0,1330.4,Standard_Utilization
ACC_10682,Delta_Systems,Enterprise,499.0,Churned,2867,53.75,2025-10-20,1,53.34,Standard_Utilization
ACC_10683,Beta_Industries,Enterprise,499.0,Churned,1388,229.66,2025-02-10,1,6.04,High_Utilization
ACC_10684,Beta_Industries,Professional,149.0,Active,54620,27.6,2025-08-24,0,1978.98,Standard_Utilization
ACC_10685,Acme_Corp,Basic,49.0,Active,25472,20.85,2025-08-17,0,1221.68,Standard_Utilization
ACC_10686,Beta_Industries,Basic,49.0,Active,96190,36.55,2025-06-15,0,2631.74,Standard_Utilization
ACC_10687,Beta_Industries,Basic,49.0,Churned,1888,30.43,2025-04-19,1,62.04,Standard_Utilization
ACC_10688,Beta_Industries,Basic,49.0,Churned,949,19.82,2025-09-21,1,47.88,Standard_Utilization
ACC_10689,Omega_Labs,Professional,149.0,Active,74583,44.04,2025-03-06,0,1693.53,Standard_Utilization
ACC_10690,Delta_Systems,Enterprise,499.0,Active,27172,57.09,2025-11-09,0,475.95,Standard_Utilization
ACC_10691,Beta_Industries,Basic,49.0,Churned,2110,34.43,2025-10-30,1,61.28,Standard_Utilization
ACC_10692,Acme_Corp,Basic,49.0,Active,37109,1.06,2025-10-07,0,35008.16,Standard_Utilization
ACC_10693,Omega_Labs,Professional,149.0,Active,24972,368.5,2025-06-12,0,67.77,High_Utilization
ACC_10694,Beta_Industries,Basic,49.0,Churned,4989,0.6,2025-07-01,1,8314.86,Standard_Utilization
ACC_10695,Delta_Systems,Basic,49.0,Churned,3269,19.94,2026-01-13,1,163.94,Standard_Utilization
ACC_10696,Acme_Corp,Enterprise,499.0,Churned,3768,111.07,2025-09-29,1,33.92,High_Utilization
ACC_10697,Omega_Labs,Professional,149.0,Churned,3774,39.58,2025-10-10,1,95.35,Standard_Utilization
ACC_10698,Delta_Systems,Professional,149.0,Active,30616,133.89,2025-06-11,0,228.67,High_Utilization
ACC_10699,Omega_Labs,Basic,49.0,Active,55850,25.95,2025-02-02,0,2152.21,Standard_Utilization
ACC_10700,Omega_Labs,Basic,49.0,Active,47107,28.45,2025-01-12,0,1655.78,Standard_Utilization
ACC_10701,Acme_Corp,Basic,49.0,Active,64610,33.81,2025-08-16,0,1910.97,Standard_Utilization
ACC_10702,Omega_Labs,Enterprise,499.0,Churned,3040,390.52,2025-08-13,1,7.78,High_Utilization
ACC_10703,Omega_Labs,Basic,49.0,Active,46171,3.38,2025-02-28,0,13660.02,Standard_Utilization
ACC_10704,Acme_Corp,Basic,49.0,Active,31631,23.72,2025-08-14,0,1333.52,Standard_Utilization
ACC_10705,Omega_Labs,Enterprise,499.0,Churned,525,478.96,2025-08-06,1,1.1,High_Utilization
ACC_10706,Acme_Corp,Enterprise,499.0,Active,75207,272.92,2025-11-08,0,275.56,High_Utilization
ACC_10707,Delta_Systems,Professional,149.0,Active,38958,363.23,2025-01-17,0,107.25,High_Utilization
ACC_10708,Delta_Systems,Professional,149.0,Active,46973,158.6,2025-01-26,0,296.17,High_Utilization
ACC_10709,Delta_Systems,Enterprise,499.0,Active,56251,318.52,2025-06-30,0,176.6,High_Utilization
ACC_10710,Delta_Systems,Enterprise,499.0,Churned,500,405.22,2026-04-04,1,1.23,High_Utilization
ACC_10711,Delta_Systems,Professional,149.0,Churned,1733,270.1,2026-03-14,1,6.42,High_Utilization
ACC_10712,Delta_Systems,Basic,49.0,Active,11533,7.45,2025-08-30,0,1548.05,Standard_Utilization
ACC_10713,Acme_Corp,Basic,49.0,Active,77221,15.17,2025-09-05,0,5090.37,Standard_Utilization
ACC_10714,Beta_Industries,Enterprise,499.0,Churned,2510,311.02,2025-03-02,1,8.07,High_Utilization
ACC_10715,Beta_Industries,Professional,149.0,Active,65601,273.97,2025-07-29,0,239.45,High_Utilization
ACC_10716,Acme_Corp,Enterprise,499.0,Active,38353,432.18,2025-01-03,0,88.74,High_Utilization
ACC_10717,Omega_Labs,Basic,49.0,Active,93844,6.94,2025-04-18,0,13522.17,Standard_Utilization
ACC_10718,Delta_Systems,Basic,49.0,Active,54610,12.17,2025-01-11,0,4487.26,Standard_Utilization
ACC_10719,Beta_Industries,Basic,49.0,Churned,1900,24.96,2025-03-09,1,76.12,Standard_Utilization
ACC_10720,Omega_Labs,Enterprise,499.0,Active,89580,110.73,2026-03-22,0,808.99,High_Utilization
ACC_10721,Acme_Corp,Basic,49.0,Active,39370,3.75,2025-01-19,0,10498.64,Standard_Utilization
ACC_10722,Beta_Industries,Professional,149.0,Active,59127,414.95,2026-01-25,0,142.49,High_Utilization
ACC_10723,Acme_Corp,Enterprise,499.0,Active,34564,480.13,2025-12-20,0,71.99,High_Utilization
ACC_10724,Acme_Corp,Professional,149.0,Active,9211,82.09,2025-09-04,0,112.21,Standard_Utilization
ACC_10725,Omega_Labs,Professional,149.0,Churned,4600,117.17,2026-04-29,1,39.26,High_Utilization
ACC_10726,Delta_Systems,Enterprise,499.0,Active,94283,382.14,2025-07-06,0,246.72,High_Utilization
ACC_10727,Acme_Corp,Professional,149.0,Churned,2478,6.01,2025-05-17,1,412.31,Standard_Utilization
ACC_10728,Acme_Corp,Professional,149.0,Active,25032,112.2,2025-06-20,0,223.1,High_Utilization
ACC_10729,Omega_Labs,Professional,149.0,Active,75171,49.06,2026-04-01,0,1532.23,Standard_Utilization
ACC_10730,Acme_Corp,Enterprise,499.0,Active,86367,331.72,2025-12-15,0,260.36,High_Utilization
ACC_10731,Beta_Industries,Basic,49.0,Active,20202,45.98,2025-09-05,0,439.36,Standard_Utilization
ACC_10732,Delta_Systems,Basic,49.0,Churned,2662,24.13,2025-03-30,1,110.32,Standard_Utilization
ACC_10733,Delta_Systems,Basic,49.0,Active,4196,22.27,2025-06-12,0,188.41,Standard_Utilization
ACC_10734,Beta_Industries,Professional,149.0,Active,46240,126.62,2025-10-01,0,365.19,High_Utilization
ACC_10735,Omega_Labs,Basic,49.0,Active,64311,42.38,2025-03-23,0,1517.48,Standard_Utilization
ACC_10736,Acme_Corp,Professional,149.0,Active,30599,52.25,2025-12-31,0,585.63,Standard_Utilization
ACC_10737,Beta_Industries,Enterprise,499.0,Active,86620,115.5,2025-02-10,0,749.96,High_Utilization
ACC_10738,Acme_Corp,Basic,49.0,Active,65003,14.2,2025-12-20,0,4577.67,Standard_Utilization
ACC_10739,Acme_Corp,Basic,49.0,Churned,2881,29.05,2025-05-19,1,99.17,Standard_Utilization
ACC_10740,Delta_Systems,Professional,149.0,Active,67168,177.5,2026-02-07,0,378.41,High_Utilization
ACC_10741,Delta_Systems,Enterprise,499.0,Active,46107,201.37,2025-06-03,0,228.97,High_Utilization
ACC_10742,Beta_Industries,Enterprise,499.0,Active,51074,272.94,2025-03-25,0,187.13,High_Utilization
ACC_10743,Acme_Corp,Basic,49.0,Churned,1401,16.65,2025-02-10,1,84.14,Standard_Utilization
ACC_10744,Delta_Systems,Professional,149.0,Churned,3586,183.13,2026-05-09,1,19.58,High_Utilization
ACC_10745,Beta_Industries,Enterprise,499.0,Active,47476,205.59,2026-02-25,0,230.93,High_Utilization
ACC_10746,Omega_Labs,Enterprise,499.0,Churned,3617,177.27,2026-03-23,1,20.4,High_Utilization
ACC_10747,Omega_Labs,Enterprise,499.0,Active,27556,270.24,2026-03-17,0,101.97,High_Utilization
ACC_10748,Omega_Labs,Enterprise,499.0,Active,38226,65.24,2025-03-10,0,585.93,Standard_Utilization
ACC_10749,Beta_Industries,Basic,49.0,Active,91311,26.17,2025-09-06,0,3489.15,Standard_Utilization
ACC_10750,Acme_Corp,Basic,49.0,Active,88954,10.26,2025-06-17,0,8669.97,Standard_Utilization
ACC_10751,Acme_Corp,Basic,49.0,Churned,393,0.17,2025-01-03,1,2311.63,Standard_Utilization
ACC_10752,Delta_Systems,Professional,149.0,Active,60642,208.85,2026-02-24,0,290.36,High_Utilization
ACC_10753,Acme_Corp,Enterprise,499.0,Active,61457,163.66,2025-11-02,0,375.52,High_Utilization
ACC_10754,Acme_Corp,Enterprise,499.0,Active,89772,186.41,2025-07-25,0,481.58,High_Utilization
ACC_10755,Delta_Systems,Enterprise,499.0,Active,27627,381.6,2025-08-16,0,72.4,High_Utilization
ACC_10756,Beta_Industries,Basic,49.0,Churned,281,4.01,2025-08-29,1,70.07,Standard_Utilization
ACC_10757,Delta_Systems,Professional,149.0,Active,31381,390.64,2025-02-01,0,80.33,High_Utilization
ACC_10758,Acme_Corp,Basic,49.0,Active,12797,24.15,2026-04-25,0,529.9,Standard_Utilization
ACC_10759,Acme_Corp,Enterprise,499.0,Active,11656,280.71,2025-05-03,0,41.52,High_Utilization
ACC_10760,Acme_Corp,Basic,49.0,Active,3110,18.53,2025-08-05,0,167.84,Standard_Utilization
ACC_10761,Acme_Corp,Enterprise,499.0,Churned,4209,91.33,2025-07-13,1,46.09,Standard_Utilization
ACC_10762,Delta_Systems,Enterprise,499.0,Active,91618,347.76,2025-01-01,0,263.45,High_Utilization
ACC_10763,Delta_Systems,Basic,49.0,Active,20373,40.37,2025-11-09,0,504.66,Standard_Utilization
ACC_10764,Acme_Corp,Basic,49.0,Active,37625,33.29,2025-03-11,0,1130.22,Standard_Utilization
ACC_10765,Acme_Corp,Enterprise,499.0,Active,42020,363.94,2025-03-04,0,115.46,High_Utilization
ACC_10766,Delta_Systems,Basic,49.0,Active,53812,15.67,2025-07-11,0,3434.08,Standard_Utilization
ACC_10767,Beta_Industries,Enterprise,499.0,Churned,1161,453.43,2025-02-01,1,2.56,High_Utilization
ACC_10768,Acme_Corp,Enterprise,499.0,Active,19419,399.08,2026-01-07,0,48.66,High_Utilization
ACC_10769,Acme_Corp,Professional,149.0,Active,46314,118.63,2025-07-08,0,390.41,High_Utilization
ACC_10770,Delta_Systems,Basic,49.0,Active,56684,26.76,2026-01-25,0,2118.24,Standard_Utilization
ACC_10771,Omega_Labs,Enterprise,499.0,Active,39694,241.91,2025-07-12,0,164.09,High_Utilization
ACC_10772,Omega_Labs,Basic,49.0,Churned,668,19.89,2025-11-16,1,33.58,Standard_Utilization
ACC_10773,Delta_Systems,Enterprise,499.0,Active,69767,339.06,2025-03-30,0,205.77,High_Utilization
ACC_10774,Omega_Labs,Enterprise,499.0,Active,19977,336.84,2026-01-11,0,59.31,High_Utilization
ACC_10775,Acme_Corp,Enterprise,499.0,Active,12389,416.67,2026-03-16,0,29.73,High_Utilization
ACC_10776,Delta_Systems,Enterprise,499.0,Active,37827,82.66,2026-05-15,0,457.62,Standard_Utilization
ACC_10777,Acme_Corp,Basic,49.0,Churned,2388,9.65,2025-05-06,1,247.46,Standard_Utilization
ACC_10778,Omega_Labs,Basic,49.0,Active,11308,43.91,2025-04-07,0,257.53,Standard_Utilization
ACC_10779,Acme_Corp,Professional,149.0,Churned,3114,143.95,2025-02-28,1,21.63,High_Utilization
ACC_10780,Omega_Labs,Basic,49.0,Active,26549,10.35,2025-08-02,0,2565.12,Standard_Utilization
ACC_10781,Delta_Systems,Basic,49.0,Active,4265,36.7,2025-03-25,0,116.21,Standard_Utilization
ACC_10782,Delta_Systems,Professional,149.0,Active,90739,375.84,2026-02-07,0,241.43,High_Utilization
ACC_10783,Omega_Labs,Basic,49.0,Churned,2771,45.75,2025-12-04,1,60.57,Standard_Utilization
ACC_10784,Omega_Labs,Professional,149.0,Active,99005,90.91,2025-06-06,0,1089.04,Standard_Utilization
ACC_10785,Beta_Industries,Professional,149.0,Active,26417,278.41,2026-02-16,0,94.89,High_Utilization
ACC_10786,Beta_Industries,Professional,149.0,Churned,3812,260.57,2026-03-01,1,14.63,High_Utilization
ACC_10787,Delta_Systems,Enterprise,499.0,Active,23125,242.3,2025-09-23,0,95.44,High_Utilization
ACC_10788,Omega_Labs,Professional,149.0,Churned,2643,345.35,2025-10-07,1,7.65,High_Utilization
ACC_10789,Beta_Industries,Enterprise,499.0,Active,94926,39.18,2025-10-22,0,2422.82,Standard_Utilization
ACC_10790,Beta_Industries,Enterprise,499.0,Active,65119,229.82,2026-03-14,0,283.35,High_Utilization
ACC_10791,Delta_Systems,Enterprise,499.0,Active,19733,352.34,2026-02-18,0,56.01,High_Utilization
ACC_10792,Beta_Industries,Enterprise,499.0,Active,12860,353.75,2025-09-23,0,36.35,High_Utilization
ACC_10793,Omega_Labs,Professional,149.0,Active,37463,125.89,2026-03-19,0,297.59,High_Utilization
ACC_10794,Beta_Industries,Basic,49.0,Churned,2652,5.38,2025-03-06,1,492.94,Standard_Utilization
ACC_10795,Beta_Industries,Basic,49.0,Active,3494,44.16,2025-11-11,0,79.12,Standard_Utilization
ACC_10796,Delta_Systems,Professional,149.0,Churned,2471,340.54,2025-04-08,1,7.26,High_Utilization
ACC_10797,Omega_Labs,Basic,49.0,Active,42551,46.82,2025-10-28,0,908.82,Standard_Utilization
ACC_10798,Acme_Corp,Enterprise,499.0,Active,77719,363.27,2025-05-18,0,213.94,High_Utilization
ACC_10799,Beta_Industries,Professional,149.0,Churned,185,333.0,2025-10-15,1,0.56,High_Utilization
ACC_10800,Beta_Industries,Professional,149.0,Active,79013,47.67,2025-02-23,0,1657.5,Standard_Utilization
ACC_10801,Delta_Systems,Basic,49.0,Active,95074,13.01,2026-02-13,0,7307.76,Standard_Utilization
ACC_10802,Acme_Corp,Enterprise,499.0,Active,90509,498.14,2026-02-15,0,181.69,High_Utilization
ACC_10803,Omega_Labs,Basic,49.0,Active,91676,12.18,2026-01-12,0,7526.76,Standard_Utilization
ACC_10804,Omega_Labs,Basic,49.0,Churned,378,40.94,2025-02-08,1,9.23,Standard_Utilization
ACC_10805,Delta_Systems,Enterprise,499.0,Churned,2794,108.38,2025-03-04,1,25.78,Standard_Utilization
ACC_10806,Acme_Corp,Enterprise,499.0,Churned,2260,230.28,2025-10-17,1,9.81,High_Utilization
ACC_10807,Delta_Systems,Professional,149.0,Active,86846,298.01,2025-06-10,0,291.42,High_Utilization
ACC_10808,Beta_Industries,Enterprise,499.0,Active,26649,192.57,2025-12-04,0,138.39,High_Utilization
ACC_10809,Omega_Labs,Enterprise,499.0,Active,76662,308.97,2025-03-18,0,248.12,High_Utilization
ACC_10810,Acme_Corp,Enterprise,499.0,Churned,3831,146.81,2025-04-01,1,26.09,High_Utilization
ACC_10811,Beta_Industries,Professional,149.0,Active,44016,292.85,2025-03-14,0,150.3,High_Utilization
ACC_10812,Acme_Corp,Enterprise,499.0,Active,44303,457.76,2026-03-20,0,96.78,High_Utilization
ACC_10813,Acme_Corp,Basic,49.0,Active,85678,22.77,2025-02-25,0,3762.76,Standard_Utilization
ACC_10814,Acme_Corp,Professional,149.0,Active,71343,417.07,2025-05-03,0,171.06,High_Utilization
ACC_10815,Omega_Labs,Professional,149.0,Churned,1368,33.41,2025-04-17,1,40.95,Standard_Utilization
ACC_10816,Beta_Industries,Enterprise,499.0,Active,7852,101.75,2025-05-19,0,77.17,Standard_Utilization
ACC_10817,Beta_Industries,Enterprise,499.0,Active,29993,15.61,2025-12-29,0,1921.4,Standard_Utilization
ACC_10818,Omega_Labs,Enterprise,499.0,Active,36342,205.72,2025-11-07,0,176.66,High_Utilization
ACC_10819,Beta_Industries,Basic,49.0,Active,32281,5.68,2025-04-12,0,5683.26,Standard_Utilization
ACC_10820,Acme_Corp,Basic,49.0,Active,18952,37.36,2025-07-21,0,507.28,Standard_Utilization
ACC_10821,Delta_Systems,Basic,49.0,Active,16454,5.61,2025-03-25,0,2932.97,Standard_Utilization
ACC_10822,Acme_Corp,Basic,49.0,Churned,3525,22.22,2025-05-20,1,158.64,Standard_Utilization
ACC_10823,Beta_Industries,Enterprise,499.0,Active,33328,177.86,2025-10-04,0,187.38,High_Utilization
ACC_10824,Omega_Labs,Basic,49.0,Active,3091,40.49,2025-11-07,0,76.34,Standard_Utilization
ACC_10825,Acme_Corp,Professional,149.0,Active,81757,136.84,2025-06-26,0,597.46,High_Utilization
ACC_10826,Omega_Labs,Basic,49.0,Active,636,3.97,2025-08-01,0,160.2,Standard_Utilization
ACC_10827,Acme_Corp,Enterprise,499.0,Active,93289,397.55,2025-05-30,0,234.66,High_Utilization
ACC_10828,Delta_Systems,Basic,49.0,Churned,2952,30.57,2026-04-16,1,96.57,Standard_Utilization
ACC_10829,Acme_Corp,Enterprise,499.0,Active,23699,347.43,2025-03-28,0,68.21,High_Utilization
ACC_10830,Delta_Systems,Enterprise,499.0,Active,36955,431.69,2026-02-05,0,85.61,High_Utilization
ACC_10831,Acme_Corp,Professional,149.0,Churned,4767,271.37,2025-01-18,1,17.57,High_Utilization
ACC_10832,Beta_Industries,Basic,49.0,Active,97171,44.55,2025-08-23,0,2181.17,Standard_Utilization
ACC_10833,Beta_Industries,Professional,149.0,Active,90726,112.35,2026-05-10,0,807.53,High_Utilization
ACC_10834,Acme_Corp,Professional,149.0,Churned,2263,84.72,2025-01-11,1,26.71,Standard_Utilization
ACC_10835,Delta_Systems,Professional,149.0,Active,47721,110.95,2025-05-27,0,430.11,High_Utilization
ACC_10836,Omega_Labs,Enterprise,499.0,Active,16034,377.3,2025-05-17,0,42.5,High_Utilization
ACC_10837,Acme_Corp,Enterprise,499.0,Active,9140,103.03,2025-11-26,0,88.71,Standard_Utilization
ACC_10838,Beta_Industries,Enterprise,499.0,Active,2420,316.26,2025-09-03,0,7.65,High_Utilization
ACC_10839,Omega_Labs,Enterprise,499.0,Active,71588,248.61,2025-02-17,0,287.95,High_Utilization
ACC_10840,Acme_Corp,Basic,49.0,Active,72196,10.39,2025-05-08,0,6948.6,Standard_Utilization
ACC_10841,Acme_Corp,Professional,149.0,Active,5626,386.83,2026-03-27,0,14.54,High_Utilization
ACC_10842,Delta_Systems,Basic,49.0,Active,36913,39.66,2025-08-29,0,930.74,Standard_Utilization
ACC_10843,Acme_Corp,Enterprise,499.0,Active,40642,442.98,2026-01-22,0,91.75,High_Utilization
ACC_10844,Delta_Systems,Professional,149.0,Churned,3903,362.14,2025-05-24,1,10.78,High_Utilization
ACC_10845,Omega_Labs,Basic,49.0,Active,15171,10.25,2025-03-27,0,1480.1,Standard_Utilization
ACC_10846,Omega_Labs,Enterprise,499.0,Active,95930,226.47,2025-08-21,0,423.59,High_Utilization
ACC_10847,Delta_Systems,Enterprise,499.0,Active,95136,242.95,2026-03-01,0,391.59,High_Utilization
ACC_10848,Delta_Systems,Basic,49.0,Active,35372,40.2,2025-01-30,0,879.9,Standard_Utilization
ACC_10849,Delta_Systems,Professional,149.0,Churned,2591,240.41,2025-05-16,1,10.78,High_Utilization
ACC_10850,Delta_Systems,Basic,49.0,Churned,3416,3.42,2025-10-19,1,998.83,Standard_Utilization
ACC_10851,Acme_Corp,Basic,49.0,Active,48437,25.72,2025-03-23,0,1883.24,Standard_Utilization
ACC_10852,Beta_Industries,Enterprise,499.0,Churned,4326,280.19,2026-03-24,1,15.44,High_Utilization
ACC_10853,Acme_Corp,Enterprise,499.0,Active,74433,187.21,2025-01-03,0,397.59,High_Utilization
ACC_10854,Delta_Systems,Enterprise,499.0,Active,22510,185.69,2025-05-12,0,121.22,High_Utilization
ACC_10855,Delta_Systems,Professional,149.0,Active,8526,190.54,2025-04-17,0,44.75,High_Utilization
ACC_10856,Beta_Industries,Professional,149.0,Churned,680,402.54,2025-02-18,1,1.69,High_Utilization
ACC_10857,Acme_Corp,Enterprise,499.0,Churned,1965,383.61,2026-02-13,1,5.12,High_Utilization
ACC_10858,Beta_Industries,Professional,149.0,Active,32672,176.08,2026-01-03,0,185.55,High_Utilization
ACC_10859,Omega_Labs,Professional,149.0,Churned,3436,336.07,2025-07-28,1,10.22,High_Utilization
ACC_10860,Omega_Labs,Basic,49.0,Active,36431,9.83,2025-03-12,0,3706.1,Standard_Utilization
ACC_10861,Omega_Labs,Professional,149.0,Active,94083,379.72,2026-03-18,0,247.77,High_Utilization
ACC_10862,Delta_Systems,Basic,49.0,Churned,813,42.64,2025-12-12,1,19.07,Standard_Utilization
ACC_10863,Acme_Corp,Professional,149.0,Active,85311,237.75,2026-03-02,0,358.83,High_Utilization
ACC_10864,Acme_Corp,Enterprise,499.0,Active,61435,294.87,2025-01-16,0,208.35,High_Utilization
ACC_10865,Acme_Corp,Basic,49.0,Active,67665,43.45,2026-01-21,0,1557.31,Standard_Utilization
ACC_10866,Beta_Industries,Enterprise,499.0,Active,27716,292.96,2025-12-02,0,94.61,High_Utilization
ACC_10867,Beta_Industries,Enterprise,499.0,Active,7985,398.43,2025-10-06,0,20.04,High_Utilization
ACC_10868,Omega_Labs,Professional,149.0,Active,53942,469.63,2025-08-27,0,114.86,High_Utilization
ACC_10869,Beta_Industries,Basic,49.0,Active,48288,41.31,2026-04-23,0,1168.92,Standard_Utilization
ACC_10870,Acme_Corp,Professional,149.0,Active,66958,298.26,2025-09-26,0,224.5,High_Utilization
ACC_10871,Beta_Industries,Professional,149.0,Active,43895,231.57,2026-03-13,0,189.55,High_Utilization
ACC_10872,Delta_Systems,Professional,149.0,Churned,3950,374.3,2025-12-06,1,10.55,High_Utilization
ACC_10873,Acme_Corp,Basic,49.0,Active,67129,20.82,2025-03-04,0,3224.25,Standard_Utilization
ACC_10874,Omega_Labs,Enterprise,499.0,Active,19759,20.93,2025-01-05,0,944.05,Standard_Utilization
ACC_10875,Beta_Industries,Professional,149.0,Active,66401,444.23,2025-02-25,0,149.47,High_Utilization
ACC_10876,Omega_Labs,Enterprise,499.0,Active,12891,333.89,2026-03-31,0,38.61,High_Utilization
ACC_10877,Beta_Industries,Professional,149.0,Churned,1215,353.86,2025-11-27,1,3.43,High_Utilization
ACC_10878,Beta_Industries,Enterprise,499.0,Churned,308,466.89,2025-05-20,1,0.66,High_Utilization
ACC_10879,Delta_Systems,Basic,49.0,Active,37728,23.34,2026-03-27,0,1616.45,Standard_Utilization
ACC_10880,Delta_Systems,Enterprise,499.0,Churned,2838,66.35,2025-09-10,1,42.77,Standard_Utilization
ACC_10881,Omega_Labs,Enterprise,499.0,Active,70630,203.9,2026-02-09,0,346.4,High_Utilization
ACC_10882,Beta_Industries,Enterprise,499.0,Churned,2860,9.35,2025-10-31,1,305.88,Standard_Utilization
ACC_10883,Delta_Systems,Professional,149.0,Churned,3514,381.51,2025-04-24,1,9.21,High_Utilization
ACC_10884,Omega_Labs,Enterprise,499.0,Active,83678,4.17,2025-09-13,0,20066.62,Standard_Utilization
ACC_10885,Delta_Systems,Basic,49.0,Active,96893,19.59,2025-05-05,0,4946.04,Standard_Utilization
ACC_10886,Omega_Labs,Basic,49.0,Active,8710,22.17,2026-01-18,0,392.87,Standard_Utilization
ACC_10887,Beta_Industries,Basic,49.0,Active,84678,43.43,2025-06-02,0,1949.76,Standard_Utilization
ACC_10888,Delta_Systems,Professional,149.0,Active,69298,107.0,2025-07-02,0,647.64,Standard_Utilization
ACC_10889,Delta_Systems,Basic,49.0,Churned,2227,35.78,2025-02-19,1,62.24,Standard_Utilization
ACC_10890,Acme_Corp,Professional,149.0,Active,94590,416.67,2025-10-15,0,227.01,High_Utilization
ACC_10891,Delta_Systems,Enterprise,499.0,Active,73067,470.93,2025-07-29,0,155.15,High_Utilization
ACC_10892,Acme_Corp,Basic,49.0,Active,1070,34.89,2026-03-01,0,30.67,Standard_Utilization
ACC_10893,Acme_Corp,Professional,149.0,Active,76102,374.28,2026-02-10,0,203.33,High_Utilization
ACC_10894,Delta_Systems,Basic,49.0,Active,62345,22.81,2025-04-14,0,2733.23,Standard_Utilization
ACC_10895,Delta_Systems,Basic,49.0,Active,87169,3.12,2026-03-06,0,27938.69,Standard_Utilization
ACC_10896,Beta_Industries,Basic,49.0,Active,87295,22.8,2025-02-28,0,3828.73,Standard_Utilization
ACC_10897,Omega_Labs,Professional,149.0,Active,3755,476.84,2025-05-11,0,7.87,High_Utilization
ACC_10898,Acme_Corp,Basic,49.0,Active,91556,13.92,2025-10-20,0,6577.29,Standard_Utilization
ACC_10899,Omega_Labs,Professional,149.0,Active,25019,48.81,2025-03-16,0,512.58,Standard_Utilization
ACC_10900,Delta_Systems,Professional,149.0,Churned,4401,116.55,2025-01-08,1,37.76,High_Utilization
ACC_10901,Acme_Corp,Enterprise,499.0,Churned,4935,298.99,2026-03-06,1,16.51,High_Utilization
ACC_10902,Omega_Labs,Basic,49.0,Active,54699,9.91,2025-08-27,0,5519.57,Standard_Utilization
ACC_10903,Acme_Corp,Enterprise,499.0,Churned,4284,16.47,2025-09-13,1,260.11,Standard_Utilization
ACC_10904,Beta_Industries,Basic,49.0,Active,15660,23.3,2025-08-11,0,672.1,Standard_Utilization
ACC_10905,Delta_Systems,Basic,49.0,Active,56071,17.44,2026-01-01,0,3215.08,Standard_Utilization
ACC_10906,Acme_Corp,Enterprise,499.0,Churned,3866,426.49,2026-03-09,1,9.06,High_Utilization
ACC_10907,Beta_Industries,Basic,49.0,Active,34814,39.49,2026-05-09,0,881.59,Standard_Utilization
ACC_10908,Delta_Systems,Professional,149.0,Active,92935,29.03,2025-09-08,0,3201.34,Standard_Utilization
ACC_10909,Omega_Labs,Professional,149.0,Churned,4888,74.92,2025-02-21,1,65.24,Standard_Utilization
ACC_10910,Delta_Systems,Basic,49.0,Active,91195,22.04,2025-10-23,0,4137.7,Standard_Utilization
ACC_10911,Omega_Labs,Enterprise,499.0,Churned,119,315.84,2026-01-30,1,0.38,High_Utilization
ACC_10912,Acme_Corp,Professional,149.0,Churned,659,129.35,2025-03-01,1,5.09,High_Utilization
ACC_10913,Acme_Corp,Basic,49.0,Active,4631,10.6,2026-04-25,0,436.89,Standard_Utilization
ACC_10914,Beta_Industries,Enterprise,499.0,Active,12953,432.53,2026-03-24,0,29.95,High_Utilization
ACC_10915,Delta_Systems,Enterprise,499.0,Active,89962,353.78,2025-05-10,0,254.29,High_Utilization
ACC_10916,Beta_Industries,Professional,149.0,Active,46041,390.61,2025-07-11,0,117.87,High_Utilization
ACC_10917,Omega_Labs,Professional,149.0,Churned,3193,88.36,2025-12-21,1,36.14,Standard_Utilization
ACC_10918,Delta_Systems,Basic,49.0,Active,52434,15.39,2025-09-04,0,3407.02,Standard_Utilization
ACC_10919,Acme_Corp,Enterprise,499.0,Active,41685,230.03,2025-06-30,0,181.22,High_Utilization
ACC_10920,Acme_Corp,Basic,49.0,Churned,3452,49.59,2025-01-18,1,69.61,Standard_Utilization
ACC_10921,Acme_Corp,Enterprise,499.0,Active,39362,269.7,2025-09-28,0,145.95,High_Utilization
ACC_10922,Delta_Systems,Basic,49.0,Active,86555,18.64,2025-02-01,0,4643.51,Standard_Utilization
ACC_10923,Delta_Systems,Basic,49.0,Active,14531,32.84,2025-11-29,0,442.48,Standard_Utilization
ACC_10924,Omega_Labs,Professional,149.0,Active,63290,59.83,2026-03-20,0,1057.83,Standard_Utilization
ACC_10925,Omega_Labs,Professional,149.0,Churned,1840,227.81,2026-03-15,1,8.08,High_Utilization
ACC_10926,Acme_Corp,Professional,149.0,Churned,2934,475.8,2026-02-01,1,6.17,High_Utilization
ACC_10927,Acme_Corp,Professional,149.0,Active,80559,245.58,2025-03-18,0,328.04,High_Utilization
ACC_10928,Delta_Systems,Professional,149.0,Churned,2902,331.34,2025-02-08,1,8.76,High_Utilization
ACC_10929,Beta_Industries,Enterprise,499.0,Active,82472,140.4,2025-04-30,0,587.41,High_Utilization
ACC_10930,Omega_Labs,Enterprise,499.0,Active,99523,143.93,2025-09-03,0,691.47,High_Utilization
ACC_10931,Acme_Corp,Professional,149.0,Churned,81,186.53,2025-09-04,1,0.43,High_Utilization
ACC_10932,Beta_Industries,Professional,149.0,Churned,2963,184.64,2025-04-09,1,16.05,High_Utilization
ACC_10933,Delta_Systems,Basic,49.0,Active,50000,39.82,2025-10-14,0,1255.65,Standard_Utilization
ACC_10934,Beta_Industries,Basic,49.0,Active,92946,10.99,2026-03-01,0,8457.32,Standard_Utilization
ACC_10935,Beta_Industries,Enterprise,499.0,Active,54272,312.3,2026-02-10,0,173.78,High_Utilization
ACC_10936,Beta_Industries,Professional,149.0,Active,19431,375.51,2025-10-03,0,51.75,High_Utilization
ACC_10937,Beta_Industries,Basic,49.0,Active,51648,4.78,2026-02-03,0,10805.0,Standard_Utilization
ACC_10938,Beta_Industries,Professional,149.0,Active,77985,305.56,2025-04-19,0,255.22,High_Utilization
ACC_10939,Delta_Systems,Professional,149.0,Active,54528,234.83,2025-07-06,0,232.2,High_Utilization
ACC_10940,Acme_Corp,Basic,49.0,Active,83306,24.41,2025-09-29,0,3412.78,Standard_Utilization
ACC_10941,Beta_Industries,Enterprise,499.0,Active,66906,467.68,2025-10-13,0,143.06,High_Utilization
ACC_10942,Beta_Industries,Basic,49.0,Active,44869,8.62,2025-04-04,0,5205.21,Standard_Utilization
ACC_10943,Acme_Corp,Professional,149.0,Active,79914,323.83,2025-04-22,0,246.78,High_Utilization
ACC_10944,Delta_Systems,Enterprise,499.0,Active,78888,26.55,2025-06-29,0,2971.3,Standard_Utilization
ACC_10945,Omega_Labs,Professional,149.0,Active,31527,464.3,2025-11-09,0,67.9,High_Utilization
ACC_10946,Delta_Systems,Basic,49.0,Churned,3801,11.95,2025-08-15,1,318.08,Standard_Utilization
ACC_10947,Delta_Systems,Basic,49.0,Active,79340,30.46,2026-04-07,0,2604.73,Standard_Utilization
ACC_10948,Omega_Labs,Enterprise,499.0,Active,91956,305.97,2025-09-25,0,300.54,High_Utilization
ACC_10949,Beta_Industries,Professional,149.0,Active,60506,64.05,2025-05-19,0,944.67,Standard_Utilization
ACC_10950,Acme_Corp,Basic,49.0,Churned,1758,28.33,2025-08-09,1,62.05,Standard_Utilization
ACC_10951,Delta_Systems,Professional,149.0,Active,90520,375.09,2026-03-10,0,241.33,High_Utilization
ACC_10952,Delta_Systems,Professional,149.0,Churned,1978,118.36,2025-08-21,1,16.71,High_Utilization
ACC_10953,Delta_Systems,Basic,49.0,Active,59317,33.43,2025-04-25,0,1774.36,Standard_Utilization
ACC_10954,Delta_Systems,Enterprise,499.0,Churned,1039,339.73,2025-09-30,1,3.06,High_Utilization
ACC_10955,Beta_Industries,Professional,149.0,Active,78616,442.6,2025-04-29,0,177.62,High_Utilization
ACC_10956,Omega_Labs,Professional,149.0,Active,77975,481.74,2025-06-26,0,161.86,High_Utilization
ACC_10957,Omega_Labs,Professional,149.0,Churned,3186,174.42,2026-04-10,1,18.27,High_Utilization
ACC_10958,Omega_Labs,Professional,149.0,Active,97007,170.98,2025-07-05,0,567.36,High_Utilization
ACC_10959,Omega_Labs,Enterprise,499.0,Churned,1971,172.68,2026-01-20,1,11.41,High_Utilization
ACC_10960,Omega_Labs,Basic,49.0,Active,13755,46.96,2026-04-05,0,292.91,Standard_Utilization
ACC_10961,Beta_Industries,Professional,149.0,Churned,4242,121.13,2026-02-15,1,35.02,High_Utilization
ACC_10962,Omega_Labs,Enterprise,499.0,Churned,2806,224.19,2026-01-10,1,12.52,High_Utilization
ACC_10963,Beta_Industries,Enterprise,499.0,Active,56305,31.46,2026-02-12,0,1789.73,Standard_Utilization
ACC_10964,Acme_Corp,Professional,149.0,Churned,3091,89.83,2026-03-24,1,34.41,Standard_Utilization
ACC_10965,Omega_Labs,Basic,49.0,Active,20238,2.87,2026-03-18,0,7051.54,Standard_Utilization
ACC_10966,Delta_Systems,Enterprise,499.0,Churned,3774,125.85,2025-04-15,1,29.99,High_Utilization
ACC_10967,Delta_Systems,Professional,149.0,Active,78757,447.94,2025-12-17,0,175.82,High_Utilization
ACC_10968,Delta_Systems,Enterprise,499.0,Churned,138,220.87,2025-07-02,1,0.62,High_Utilization
ACC_10969,Beta_Industries,Professional,149.0,Active,29320,215.83,2026-01-13,0,135.85,High_Utilization
ACC_10970,Acme_Corp,Professional,149.0,Active,35312,266.43,2026-03-22,0,132.54,High_Utilization
ACC_10971,Beta_Industries,Basic,49.0,Active,19809,29.84,2025-09-07,0,663.84,Standard_Utilization
ACC_10972,Beta_Industries,Basic,49.0,Active,25964,19.57,2026-04-17,0,1326.72,Standard_Utilization
ACC_10973,Beta_Industries,Basic,49.0,Active,57183,36.68,2025-04-22,0,1558.97,Standard_Utilization
ACC_10974,Omega_Labs,Enterprise,499.0,Active,13526,283.95,2025-05-29,0,47.64,High_Utilization
ACC_10975,Delta_Systems,Enterprise,499.0,Churned,2195,164.41,2025-08-30,1,13.35,High_Utilization
ACC_10976,Acme_Corp,Enterprise,499.0,Active,86707,53.57,2025-03-02,0,1618.57,Standard_Utilization
ACC_10977,Acme_Corp,Basic,49.0,Active,21422,49.03,2025-02-06,0,436.92,Standard_Utilization
ACC_10978,Acme_Corp,Basic,49.0,Active,96245,36.97,2025-02-28,0,2603.33,Standard_Utilization
ACC_10979,Omega_Labs,Enterprise,499.0,Active,18895,112.7,2025-09-24,0,167.66,High_Utilization
ACC_10980,Delta_Systems,Professional,149.0,Active,96699,149.23,2026-01-14,0,647.99,High_Utilization
ACC_10981,Acme_Corp,Basic,49.0,Active,69997,39.7,2025-08-08,0,1763.15,Standard_Utilization
ACC_10982,Delta_Systems,Enterprise,499.0,Active,84139,174.74,2026-04-14,0,481.51,High_Utilization
ACC_10983,Delta_Systems,Enterprise,499.0,Churned,1621,262.51,2025-12-11,1,6.18,High_Utilization
ACC_10984,Beta_Industries,Basic,49.0,Active,86324,6.98,2026-01-20,0,12367.32,Standard_Utilization
ACC_10985,Beta_Industries,Professional,149.0,Active,5954,410.62,2026-02-09,0,14.5,High_Utilization
ACC_10986,Beta_Industries,Enterprise,499.0,Active,47611,80.41,2025-07-27,0,592.1,Standard_Utilization
ACC_10987,Acme_Corp,Basic,49.0,Active,9348,41.75,2025-03-31,0,223.9,Standard_Utilization
ACC_10988,Omega_Labs,Professional,149.0,Active,62102,111.79,2025-09-19,0,555.52,High_Utilization
ACC_10989,Delta_Systems,Basic,49.0,Active,53232,19.29,2025-11-06,0,2759.56,Standard_Utilization
ACC_10990,Acme_Corp,Enterprise,499.0,Active,9775,60.64,2025-06-12,0,161.2,Standard_Utilization
ACC_10991,Beta_Industries,Professional,149.0,Active,73420,301.44,2026-02-11,0,243.56,High_Utilization
ACC_10992,Delta_Systems,Basic,49.0,Active,70521,8.14,2025-01-20,0,8663.5,Standard_Utilization
ACC_10993,Omega_Labs,Professional,149.0,Active,5868,357.8,2026-01-23,0,16.4,High_Utilization
ACC_10994,Acme_Corp,Enterprise,499.0,Churned,2944,256.88,2025-02-13,1,11.46,High_Utilization
ACC_10995,Delta_Systems,Enterprise,499.0,Active,27542,39.79,2026-05-07,0,692.18,Standard_Utilization
ACC_10996,Delta_Systems,Enterprise,499.0,Churned,4537,24.82,2025-05-02,1,182.8,Standard_Utilization
ACC_10997,Omega_Labs,Basic,49.0,Active,50725,5.38,2025-05-25,0,9428.42,Standard_Utilization
ACC_10998,Omega_Labs,Basic,49.0,Active,9843,32.94,2025-11-10,0,298.82,Standard_Utilization
ACC_10999,Omega_Labs,Enterprise,499.0,Active,99611,79.67,2025-11-20,0,1250.29,Standard_Utilization
ACC_11000,Omega_Labs,Professional,149.0,Churned,1317,259.86,2026-03-05,1,5.07,High_Utilization
