account_id,tenant_id,subscription_tier,monthly_recurring_revenue,account_status,api_requests_count,cloud_storage_used_gb,activation_date
ACC_10001,Delta_Systems,Basic,49.0,Active,77320,7.89,2025-04-17
ACC_10002,Delta_Systems,Enterprise,499.0,Active,44631,72.72,2026-04-04
ACC_10003,Delta_Systems,Professional,149.0,Active,60235,416.47,2025-09-15
ACC_10004,Beta_Industries,Professional,149.0,Churned,1194,153.16,2026-03-20
ACC_10005,Beta_Industries,Basic,49.0,Churned,484,30.63,2025-12-11
ACC_10006,Beta_Industries,Enterprise,499.0,Active,85154,309.77,2026-03-22
ACC_10007,Omega_Labs,Enterprise,499.0,Churned,1538,24.66,2025-11-16
ACC_10008,Delta_Systems,Enterprise,499.0,Active,80538,8.11,2025-11-25
ACC_10009,Acme_Corp,Professional,149.0,Active,24397,50.19,2025-09-22
ACC_10010,Omega_Labs,Enterprise,499.0,Churned,2566,416.85,2026-03-31
ACC_10011,Delta_Systems,Professional,149.0,Active,67621,331.77,2026-02-24
ACC_10012,Beta_Industries,Professional,149.0,Active,79453,284.5,2025-02-23
ACC_10013,Acme_Corp,Enterprise,499.0,Active,71711,469.84,2025-08-06
ACC_10014,Beta_Industries,Professional,149.0,Active,12034,45.61,2025-10-31
ACC_10015,Delta_Systems,Basic,49.0,Active,90312,19.49,2025-10-23
ACC_10016,Beta_Industries,Enterprise,499.0,Active,12685,482.68,2025-10-07
ACC_10017,Omega_Labs,Basic,49.0,Active,51714,8.35,2025-06-06
ACC_10018,Acme_Corp,Enterprise,499.0,Active,63092,100.56,2025-12-10
ACC_10019,Omega_Labs,Enterprise,499.0,Active,40004,356.1,2026-05-14
ACC_10020,Delta_Systems,Basic,49.0,Active,4061,17.99,2025-09-18
ACC_10021,Acme_Corp,Enterprise,499.0,Active,79103,166.45,2025-11-24
ACC_10022,Omega_Labs,Enterprise,499.0,Active,80075,333.46,2025-03-03
ACC_10023,Omega_Labs,Professional,149.0,Active,71092,192.39,2025-02-04
ACC_10024,Delta_Systems,Professional,149.0,Active,83448,281.3,2025-09-14
ACC_10025,Delta_Systems,Professional,149.0,Active,706,214.63,2025-10-10
ACC_10026,Beta_Industries,Basic,49.0,Active,50515,31.86,2025-03-04
ACC_10027,Omega_Labs,Basic,49.0,Churned,1767,7.05,2026-01-23
ACC_10028,Delta_Systems,Basic,49.0,Active,34327,47.15,2025-06-20
ACC_10029,Delta_Systems,Enterprise,499.0,Active,22799,464.95,2025-03-27
ACC_10030,Acme_Corp,Professional,149.0,Active,95503,402.13,2025-05-14
ACC_10031,Omega_Labs,Professional,149.0,Active,18547,404.01,2025-11-27
ACC_10032,Omega_Labs,Basic,49.0,Active,24276,13.68,2025-07-09
ACC_10033,Delta_Systems,Professional,149.0,Active,55516,153.43,2025-04-26
ACC_10034,Beta_Industries,Enterprise,499.0,Active,4248,346.68,2025-11-14
ACC_10035,Beta_Industries,Enterprise,499.0,Active,61587,260.12,2026-01-09
ACC_10036,Acme_Corp,Basic,49.0,Active,39853,48.13,2026-05-12
ACC_10037,Beta_Industries,Enterprise,499.0,Active,24164,75.32,2026-01-22
ACC_10038,Omega_Labs,Basic,49.0,Active,94709,25.18,2025-04-23
ACC_10039,Beta_Industries,Enterprise,499.0,Active,7892,317.72,2025-08-12
ACC_10040,Beta_Industries,Professional,149.0,Active,26809,122.16,2025-06-21
ACC_10041,Omega_Labs,Enterprise,499.0,Active,13188,364.52,2025-07-03
ACC_10042,Omega_Labs,Basic,49.0,Churned,207,20.0,2025-04-08
ACC_10043,Delta_Systems,Basic,49.0,Active,86702,9.41,2025-05-04
ACC_10044,Acme_Corp,Enterprise,499.0,Churned,1379,256.78,2025-09-09
ACC_10045,Delta_Systems,Enterprise,499.0,Churned,2986,199.69,2026-05-04
ACC_10046,Delta_Systems,Professional,149.0,Churned,1812,171.52,2025-05-09
ACC_10047,Acme_Corp,Professional,149.0,Active,86481,348.35,2026-02-19
ACC_10048,Delta_Systems,Professional,149.0,Churned,3653,131.52,2026-05-15
ACC_10049,Acme_Corp,Professional,149.0,Churned,3118,441.49,2026-03-29
ACC_10050,Delta_Systems,Basic,49.0,Active,43142,36.33,2025-04-09
ACC_10051,Delta_Systems,Professional,149.0,Churned,4001,425.69,2025-06-10
ACC_10052,Acme_Corp,Professional,149.0,Churned,263,6.08,2025-12-06
ACC_10053,Beta_Industries,Basic,49.0,Active,68997,8.12,2025-06-02
ACC_10054,Beta_Industries,Professional,149.0,Active,61635,497.24,2025-06-12
ACC_10055,Omega_Labs,Basic,49.0,Churned,4503,16.34,2025-10-16
ACC_10056,Omega_Labs,Enterprise,499.0,Active,70771,284.8,2026-02-05
ACC_10057,Omega_Labs,Enterprise,499.0,Active,20330,126.36,2026-04-15
ACC_10058,Beta_Industries,Professional,149.0,Active,74790,446.19,2025-12-31
ACC_10059,Delta_Systems,Enterprise,499.0,Active,54545,323.08,2025-10-04
ACC_10060,Delta_Systems,Basic,49.0,Active,75043,14.11,2025-11-13
ACC_10061,Delta_Systems,Basic,49.0,Churned,1253,23.55,2025-01-17
ACC_10062,Beta_Industries,Basic,49.0,Active,33135,0.87,2025-04-09
ACC_10063,Omega_Labs,Basic,49.0,Active,45736,28.66,2025-10-29
ACC_10064,Omega_Labs,Basic,49.0,Churned,2310,19.32,2025-07-10
ACC_10065,Delta_Systems,Basic,49.0,Churned,137,18.7,2025-11-19
ACC_10066,Beta_Industries,Enterprise,499.0,Active,52385,49.94,2025-02-27
ACC_10067,Omega_Labs,Enterprise,499.0,Active,36277,128.2,2025-05-31
ACC_10068,Beta_Industries,Professional,149.0,Active,28251,348.96,2025-09-30
ACC_10069,Delta_Systems,Professional,149.0,Churned,2816,210.76,2025-02-08
ACC_10070,Beta_Industries,Basic,49.0,Churned,2960,25.13,2025-01-13
ACC_10071,Acme_Corp,Basic,49.0,Churned,4505,2.63,2026-05-09
ACC_10072,Delta_Systems,Enterprise,499.0,Active,32597,48.35,2025-04-02
ACC_10073,Delta_Systems,Enterprise,499.0,Active,94348,78.79,2025-02-20
ACC_10074,Beta_Industries,Basic,49.0,Active,97325,1.62,2025-11-10
ACC_10075,Omega_Labs,Professional,149.0,Active,95785,269.24,2025-09-28
ACC_10076,Acme_Corp,Basic,49.0,Churned,3061,48.27,2025-02-22
ACC_10077,Delta_Systems,Professional,149.0,Active,56679,206.56,2026-04-25
ACC_10078,Delta_Systems,Enterprise,499.0,Churned,4374,484.81,2025-11-04
ACC_10079,Beta_Industries,Professional,149.0,Active,74347,136.51,2025-05-25
ACC_10080,Omega_Labs,Professional,149.0,Active,91352,93.39,2025-12-12
ACC_10081,Beta_Industries,Enterprise,499.0,Active,75240,30.51,2026-01-28
ACC_10082,Beta_Industries,Basic,49.0,Active,46675,27.51,2025-10-17
ACC_10083,Omega_Labs,Basic,49.0,Churned,3353,25.88,2025-08-25
ACC_10084,Omega_Labs,Enterprise,499.0,Active,60138,25.29,2025-10-05
ACC_10085,Beta_Industries,Enterprise,499.0,Active,85164,171.93,2025-03-27
ACC_10086,Omega_Labs,Basic,49.0,Active,51793,42.79,2026-05-12
ACC_10087,Omega_Labs,Basic,49.0,Churned,2275,38.19,2026-02-04
ACC_10088,Acme_Corp,Enterprise,499.0,Churned,1767,325.41,2025-10-16
ACC_10089,Beta_Industries,Professional,149.0,Active,97879,24.08,2025-11-21
ACC_10090,Delta_Systems,Professional,149.0,Active,10323,428.46,2025-05-27
ACC_10091,Acme_Corp,Basic,49.0,Churned,2849,47.2,2025-01-16
ACC_10092,Beta_Industries,Basic,49.0,Churned,3556,40.07,2026-01-19
ACC_10093,Omega_Labs,Professional,149.0,Active,92180,229.94,2026-01-15
ACC_10094,Delta_Systems,Enterprise,499.0,Active,98356,480.65,2025-09-25
ACC_10095,Beta_Industries,Enterprise,499.0,Churned,2454,108.47,2025-10-12
ACC_10096,Beta_Industries,Professional,149.0,Active,27850,36.99,2026-05-14
ACC_10097,Omega_Labs,Basic,49.0,Active,75853,17.1,2026-04-03
ACC_10098,Delta_Systems,Basic,49.0,Active,83245,34.87,2025-07-15
ACC_10099,Acme_Corp,Enterprise,499.0,Active,33996,402.04,2026-01-11
ACC_10100,Acme_Corp,Professional,149.0,Active,36235,403.71,2026-04-02
ACC_10101,Acme_Corp,Enterprise,499.0,Churned,2153,171.39,2025-02-05
ACC_10102,Beta_Industries,Basic,49.0,Churned,3776,37.57,2026-01-04
ACC_10103,Acme_Corp,Enterprise,499.0,Active,14897,249.04,2025-10-13
ACC_10104,Acme_Corp,Professional,149.0,Active,40454,195.52,2025-07-06
ACC_10105,Omega_Labs,Basic,49.0,Active,37439,17.81,2026-02-07
ACC_10106,Omega_Labs,Professional,149.0,Active,32807,287.36,2026-01-19
ACC_10107,Delta_Systems,Basic,49.0,Active,89612,27.73,2025-04-09
ACC_10108,Acme_Corp,Basic,49.0,Active,27692,5.76,2025-05-24
ACC_10109,Acme_Corp,Professional,149.0,Active,88961,275.44,2026-02-27
ACC_10110,Acme_Corp,Enterprise,499.0,Active,90430,59.86,2025-08-09
ACC_10111,Omega_Labs,Basic,49.0,Active,73092,5.15,2026-03-18
ACC_10112,Delta_Systems,Professional,149.0,Active,39581,199.23,2025-06-17
ACC_10113,Delta_Systems,Professional,149.0,Active,88592,43.79,2025-01-05
ACC_10114,Delta_Systems,Basic,49.0,Active,92292,47.37,2025-12-08
ACC_10115,Acme_Corp,Basic,49.0,Churned,3151,35.44,2025-10-19
ACC_10116,Delta_Systems,Basic,49.0,Churned,2224,21.27,2025-07-01
ACC_10117,Beta_Industries,Enterprise,499.0,Active,44982,127.96,2025-05-06
ACC_10118,Beta_Industries,Professional,149.0,Active,56271,383.95,2025-05-28
ACC_10119,Delta_Systems,Basic,49.0,Active,39798,29.21,2025-01-01
ACC_10120,Beta_Industries,Basic,49.0,Active,24460,43.44,2026-01-04
ACC_10121,Beta_Industries,Basic,49.0,Active,36895,48.9,2025-02-27
ACC_10122,Acme_Corp,Basic,49.0,Active,21059,26.43,2025-05-29
ACC_10123,Delta_Systems,Basic,49.0,Churned,3522,26.2,2025-08-15
ACC_10124,Acme_Corp,Basic,49.0,Active,53138,49.79,2025-05-23
ACC_10125,Beta_Industries,Professional,149.0,Active,41930,24.16,2025-05-24
ACC_10126,Omega_Labs,Professional,149.0,Churned,367,228.64,2025-09-29
ACC_10127,Omega_Labs,Basic,49.0,Churned,4195,19.47,2025-05-02
ACC_10128,Omega_Labs,Professional,149.0,Churned,4974,487.24,2025-08-08
ACC_10129,Omega_Labs,Enterprise,499.0,Active,38588,155.8,2026-03-23
ACC_10130,Omega_Labs,Basic,49.0,Churned,934,6.75,2025-08-28
ACC_10131,Delta_Systems,Basic,49.0,Active,56678,36.31,2025-03-23
ACC_10132,Delta_Systems,Basic,49.0,Active,85291,43.85,2025-01-10
ACC_10133,Delta_Systems,Basic,49.0,Active,1515,18.89,2025-04-29
ACC_10134,Acme_Corp,Professional,149.0,Churned,4958,375.16,2025-08-27
ACC_10135,Acme_Corp,Professional,149.0,Active,87204,419.41,2025-10-10
ACC_10136,Beta_Industries,Basic,49.0,Active,904,2.91,2026-01-20
ACC_10137,Beta_Industries,Basic,49.0,Active,10360,49.83,2025-12-17
ACC_10138,Acme_Corp,Enterprise,499.0,Active,11416,378.9,2025-02-22
ACC_10139,Delta_Systems,Basic,49.0,Active,39265,12.65,2025-03-19
ACC_10140,Acme_Corp,Basic,49.0,Churned,4554,33.62,2026-03-22
ACC_10141,Omega_Labs,Professional,149.0,Churned,1584,336.28,2025-04-05
ACC_10142,Beta_Industries,Professional,149.0,Active,94574,154.93,2025-09-16
ACC_10143,Acme_Corp,Professional,149.0,Churned,3047,438.51,2026-01-24
ACC_10144,Acme_Corp,Basic,49.0,Churned,3384,21.08,2025-09-12
ACC_10145,Acme_Corp,Basic,49.0,Active,92734,10.73,2025-03-07
ACC_10146,Beta_Industries,Professional,149.0,Active,55893,318.87,2025-11-02
ACC_10147,Delta_Systems,Enterprise,499.0,Active,76245,175.11,2026-03-23
ACC_10148,Beta_Industries,Basic,49.0,Churned,4647,31.14,2025-12-01
ACC_10149,Delta_Systems,Basic,49.0,Active,40311,23.02,2025-10-12
ACC_10150,Acme_Corp,Professional,149.0,Active,93205,310.97,2025-12-06
ACC_10151,Beta_Industries,Basic,49.0,Active,12515,17.14,2025-08-23
ACC_10152,Delta_Systems,Basic,49.0,Active,81219,7.68,2025-07-02
ACC_10153,Beta_Industries,Basic,49.0,Active,33934,33.41,2025-12-18
ACC_10154,Beta_Industries,Basic,49.0,Active,24454,41.11,2025-02-20
ACC_10155,Beta_Industries,Professional,149.0,Active,79752,275.03,2025-01-22
ACC_10156,Acme_Corp,Basic,49.0,Churned,3127,18.28,2025-12-12
ACC_10157,Beta_Industries,Professional,149.0,Active,24124,47.51,2026-02-15
ACC_10158,Delta_Systems,Basic,49.0,Active,56145,7.93,2025-08-27
ACC_10159,Omega_Labs,Basic,49.0,Active,64791,40.33,2025-01-26
ACC_10160,Acme_Corp,Enterprise,499.0,Active,802,186.18,2025-06-29
ACC_10161,Beta_Industries,Professional,149.0,Active,74186,266.34,2025-01-28
ACC_10162,Beta_Industries,Basic,49.0,Active,15534,12.7,2025-01-14
ACC_10163,Delta_Systems,Enterprise,499.0,Active,85217,375.18,2026-02-11
ACC_10164,Omega_Labs,Basic,49.0,Active,35174,12.2,2025-10-21
ACC_10165,Acme_Corp,Enterprise,499.0,Active,91325,282.64,2025-01-28
ACC_10166,Acme_Corp,Enterprise,499.0,Active,48415,117.76,2026-04-19
ACC_10167,Acme_Corp,Basic,49.0,Churned,76,32.48,2026-01-29
ACC_10168,Beta_Industries,Enterprise,499.0,Churned,1503,294.04,2025-04-21
ACC_10169,Omega_Labs,Basic,49.0,Churned,2482,16.94,2025-03-24
ACC_10170,Omega_Labs,Professional,149.0,Churned,3524,179.01,2025-08-14
ACC_10171,Acme_Corp,Professional,149.0,Active,59156,5.26,2026-01-12
ACC_10172,Acme_Corp,Professional,149.0,Active,27639,425.63,2025-04-22
ACC_10173,Beta_Industries,Professional,149.0,Active,86155,448.54,2025-04-05
ACC_10174,Delta_Systems,Enterprise,499.0,Active,4824,491.22,2025-01-31
ACC_10175,Delta_Systems,Professional,149.0,Active,80079,458.82,2026-04-13
ACC_10176,Delta_Systems,Professional,149.0,Active,84971,361.86,2026-01-04
ACC_10177,Beta_Industries,Basic,49.0,Active,11454,28.62,2025-12-01
ACC_10178,Delta_Systems,Basic,49.0,Churned,1151,35.58,2025-05-13
ACC_10179,Omega_Labs,Basic,49.0,Churned,4664,35.39,2025-04-23
ACC_10180,Beta_Industries,Professional,149.0,Active,21118,466.11,2026-01-17
ACC_10181,Acme_Corp,Enterprise,499.0,Active,59883,68.51,2025-06-10
ACC_10182,Delta_Systems,Professional,149.0,Churned,2070,342.76,2026-01-21
ACC_10183,Omega_Labs,Basic,49.0,Active,19716,5.92,2025-04-11
ACC_10184,Delta_Systems,Professional,149.0,Active,94289,54.69,2026-02-23
ACC_10185,Acme_Corp,Professional,149.0,Churned,1979,63.46,2025-08-24
ACC_10186,Omega_Labs,Enterprise,499.0,Active,85055,190.55,2026-02-22
ACC_10187,Acme_Corp,Professional,149.0,Churned,3860,397.94,2025-11-16
ACC_10188,Beta_Industries,Professional,149.0,Active,16024,407.57,2025-08-01
ACC_10189,Delta_Systems,Professional,149.0,Active,21111,159.12,2025-03-03
ACC_10190,Beta_Industries,Basic,49.0,Active,59707,22.01,2025-10-23
ACC_10191,Beta_Industries,Enterprise,499.0,Active,72020,374.18,2026-02-26
ACC_10192,Delta_Systems,Basic,49.0,Active,34516,19.63,2025-05-25
ACC_10193,Beta_Industries,Professional,149.0,Active,92763,312.68,2025-04-14
ACC_10194,Delta_Systems,Professional,149.0,Active,97146,365.68,2025-03-08
ACC_10195,Beta_Industries,Enterprise,499.0,Active,5908,267.43,2025-06-06
ACC_10196,Delta_Systems,Enterprise,499.0,Churned,2607,376.57,2025-06-06
ACC_10197,Acme_Corp,Basic,49.0,Active,2836,1.77,2026-03-15
ACC_10198,Beta_Industries,Professional,149.0,Active,44372,52.8,2025-01-05
ACC_10199,Acme_Corp,Enterprise,499.0,Active,72395,302.57,2025-08-16
ACC_10200,Delta_Systems,Basic,49.0,Churned,3238,11.54,2025-09-18
ACC_10201,Omega_Labs,Basic,49.0,Active,16978,29.96,2026-02-15
ACC_10202,Omega_Labs,Professional,149.0,Active,71815,92.03,2025-10-10
ACC_10203,Beta_Industries,Professional,149.0,Active,55818,231.81,2025-07-19
ACC_10204,Beta_Industries,Enterprise,499.0,Churned,2198,70.85,2025-08-06
ACC_10205,Beta_Industries,Basic,49.0,Active,92251,43.62,2025-04-21
ACC_10206,Omega_Labs,Basic,49.0,Churned,136,7.71,2025-10-20
ACC_10207,Omega_Labs,Enterprise,499.0,Active,86566,368.62,2026-01-28
ACC_10208,Omega_Labs,Basic,49.0,Active,14218,6.23,2025-09-24
ACC_10209,Acme_Corp,Basic,49.0,Active,48023,6.32,2025-04-20
ACC_10210,Acme_Corp,Basic,49.0,Active,37930,11.45,2026-03-14
ACC_10211,Delta_Systems,Basic,49.0,Active,75560,16.83,2026-04-02
ACC_10212,Omega_Labs,Basic,49.0,Active,13724,5.8,2025-06-03
ACC_10213,Omega_Labs,Basic,49.0,Active,74009,17.38,2025-03-16
ACC_10214,Beta_Industries,Enterprise,499.0,Active,36868,294.15,2025-12-13
ACC_10215,Delta_Systems,Enterprise,499.0,Active,68026,84.01,2025-07-01
ACC_10216,Acme_Corp,Basic,49.0,Active,94770,13.95,2025-10-12
ACC_10217,Beta_Industries,Professional,149.0,Active,70980,480.59,2025-02-18
ACC_10218,Acme_Corp,Professional,149.0,Active,22066,498.44,2026-04-21
ACC_10219,Acme_Corp,Enterprise,499.0,Active,42449,375.36,2025-08-12
ACC_10220,Delta_Systems,Enterprise,499.0,Active,3217,96.56,2025-02-01
ACC_10221,Acme_Corp,Basic,49.0,Active,94107,29.41,2025-05-24
ACC_10222,Acme_Corp,Professional,149.0,Active,29365,267.93,2025-06-24
ACC_10223,Acme_Corp,Professional,149.0,Active,26022,78.89,2025-06-15
ACC_10224,Acme_Corp,Basic,49.0,Active,49270,18.73,2025-12-25
ACC_10225,Beta_Industries,Enterprise,499.0,Active,53103,400.67,2025-06-11
ACC_10226,Delta_Systems,Professional,149.0,Active,77034,128.06,2025-12-15
ACC_10227,Delta_Systems,Enterprise,499.0,Active,56873,170.63,2025-11-24
ACC_10228,Acme_Corp,Enterprise,499.0,Active,86095,120.23,2025-04-07
ACC_10229,Beta_Industries,Enterprise,499.0,Churned,1321,428.06,2025-03-29
ACC_10230,Delta_Systems,Basic,49.0,Active,87425,14.73,2026-04-14
ACC_10231,Omega_Labs,Professional,149.0,Active,16532,105.13,2025-11-26
ACC_10232,Delta_Systems,Basic,49.0,Active,50960,21.13,2025-02-05
ACC_10233,Beta_Industries,Basic,49.0,Active,88455,16.86,2025-07-16
ACC_10234,Delta_Systems,Professional,149.0,Active,77418,135.13,2026-04-16
ACC_10235,Acme_Corp,Basic,49.0,Active,63697,18.2,2025-09-13
ACC_10236,Acme_Corp,Enterprise,499.0,Churned,1397,71.35,2025-12-08
ACC_10237,Beta_Industries,Professional,149.0,Churned,4233,92.28,2025-02-28
ACC_10238,Beta_Industries,Enterprise,499.0,Active,78844,271.5,2025-01-14
ACC_10239,Acme_Corp,Basic,49.0,Active,55529,32.29,2025-07-20
ACC_10240,Beta_Industries,Professional,149.0,Active,77408,346.07,2025-01-29
ACC_10241,Acme_Corp,Enterprise,499.0,Active,61768,407.8,2025-05-26
ACC_10242,Acme_Corp,Professional,149.0,Active,22680,326.23,2025-01-17
ACC_10243,Beta_Industries,Enterprise,499.0,Active,17225,69.74,2025-12-28
ACC_10244,Acme_Corp,Enterprise,499.0,Active,4763,126.49,2025-08-07
ACC_10245,Acme_Corp,Basic,49.0,Active,93565,45.73,2026-03-31
ACC_10246,Beta_Industries,Basic,49.0,Churned,2691,21.16,2025-07-09
ACC_10247,Beta_Industries,Professional,149.0,Active,19750,46.53,2025-07-12
ACC_10248,Delta_Systems,Professional,149.0,Active,53502,145.41,2025-05-29
ACC_10249,Omega_Labs,Basic,49.0,Active,97499,28.36,2025-10-22
ACC_10250,Beta_Industries,Enterprise,499.0,Active,5353,68.8,2025-06-01
ACC_10251,Omega_Labs,Basic,49.0,Active,74978,13.19,2025-02-05
ACC_10252,Delta_Systems,Enterprise,499.0,Active,24558,299.03,2026-03-22
ACC_10253,Beta_Industries,Basic,49.0,Active,2024,17.28,2026-03-26
ACC_10254,Omega_Labs,Basic,49.0,Active,560,34.45,2025-08-05
ACC_10255,Beta_Industries,Basic,49.0,Active,45686,3.98,2025-10-18
ACC_10256,Omega_Labs,Enterprise,499.0,Active,89429,52.89,2025-04-12
ACC_10257,Acme_Corp,Enterprise,499.0,Active,36272,395.32,2025-11-01
ACC_10258,Acme_Corp,Enterprise,499.0,Active,20991,271.64,2025-10-30
ACC_10259,Omega_Labs,Enterprise,499.0,Churned,2718,379.88,2026-04-24
ACC_10260,Acme_Corp,Professional,149.0,Churned,3736,347.05,2025-07-17
ACC_10261,Acme_Corp,Basic,49.0,Active,28435,35.31,2025-02-16
ACC_10262,Delta_Systems,Basic,49.0,Active,56776,23.71,2025-10-09
ACC_10263,Delta_Systems,Professional,149.0,Active,24570,149.73,2025-04-27
ACC_10264,Omega_Labs,Professional,149.0,Active,7237,372.91,2025-08-03
ACC_10265,Omega_Labs,Enterprise,499.0,Active,18350,414.71,2026-02-06
ACC_10266,Acme_Corp,Professional,149.0,Active,35935,61.6,2025-06-01
ACC_10267,Beta_Industries,Enterprise,499.0,Active,3483,221.35,2025-06-20
ACC_10268,Delta_Systems,Enterprise,499.0,Active,7140,269.89,2026-01-11
ACC_10269,Beta_Industries,Basic,49.0,Active,94723,21.4,2025-07-29
ACC_10270,Omega_Labs,Professional,149.0,Active,52893,495.19,2025-11-07
ACC_10271,Delta_Systems,Enterprise,499.0,Active,96005,469.63,2025-05-21
ACC_10272,Delta_Systems,Enterprise,499.0,Active,16871,27.76,2025-10-29
ACC_10273,Acme_Corp,Basic,49.0,Active,62687,31.41,2025-09-02
ACC_10274,Omega_Labs,Enterprise,499.0,Active,50572,169.18,2025-09-23
ACC_10275,Omega_Labs,Basic,49.0,Active,86180,5.61,2026-04-23
ACC_10276,Beta_Industries,Professional,149.0,Active,33413,117.95,2025-11-20
ACC_10277,Acme_Corp,Basic,49.0,Active,35900,5.56,2026-05-09
ACC_10278,Acme_Corp,Enterprise,499.0,Active,45528,46.07,2025-10-20
ACC_10279,Beta_Industries,Enterprise,499.0,Churned,3425,234.5,2025-11-15
ACC_10280,Acme_Corp,Professional,149.0,Active,80935,33.9,2025-07-18
ACC_10281,Omega_Labs,Basic,49.0,Active,42344,41.55,2025-11-06
ACC_10282,Beta_Industries,Professional,149.0,Active,83356,94.44,2025-08-14
ACC_10283,Delta_Systems,Professional,149.0,Active,74281,484.6,2025-09-18
ACC_10284,Acme_Corp,Basic,49.0,Active,18797,26.3,2025-01-20
ACC_10285,Delta_Systems,Professional,149.0,Active,25925,348.47,2025-06-27
ACC_10286,Omega_Labs,Enterprise,499.0,Churned,4079,312.03,2025-08-15
ACC_10287,Acme_Corp,Enterprise,499.0,Active,35201,430.27,2025-11-25
ACC_10288,Delta_Systems,Basic,49.0,Churned,2692,6.56,2025-11-19
ACC_10289,Acme_Corp,Enterprise,499.0,Active,26431,19.16,2025-08-14
ACC_10290,Delta_Systems,Basic,49.0,Active,50606,14.14,2026-01-30
ACC_10291,Omega_Labs,Enterprise,499.0,Active,22254,362.12,2025-11-24
ACC_10292,Beta_Industries,Professional,149.0,Active,10403,342.1,2025-02-06
ACC_10293,Acme_Corp,Basic,49.0,Active,10016,24.08,2025-04-24
ACC_10294,Acme_Corp,Enterprise,499.0,Active,2091,331.56,2025-11-19
ACC_10295,Omega_Labs,Enterprise,499.0,Active,86731,399.02,2025-08-25
ACC_10296,Omega_Labs,Basic,49.0,Active,84124,16.77,2025-02-28
ACC_10297,Acme_Corp,Basic,49.0,Active,86706,34.98,2025-06-19
ACC_10298,Omega_Labs,Enterprise,499.0,Active,50208,436.11,2025-08-23
ACC_10299,Delta_Systems,Enterprise,499.0,Active,3219,168.56,2026-03-02
ACC_10300,Beta_Industries,Enterprise,499.0,Active,19287,278.76,2025-03-23
ACC_10301,Acme_Corp,Basic,49.0,Churned,1995,14.42,2025-10-22
ACC_10302,Beta_Industries,Enterprise,499.0,Active,35332,59.25,2025-08-21
ACC_10303,Beta_Industries,Basic,49.0,Active,71481,14.24,2026-05-11
ACC_10304,Delta_Systems,Professional,149.0,Active,13781,171.92,2025-08-12
ACC_10305,Omega_Labs,Enterprise,499.0,Active,5584,394.72,2025-02-06
ACC_10306,Omega_Labs,Professional,149.0,Churned,1050,385.84,2025-08-07
ACC_10307,Acme_Corp,Professional,149.0,Active,21453,38.74,2025-07-12
ACC_10308,Beta_Industries,Professional,149.0,Active,25360,223.81,2025-07-11
ACC_10309,Delta_Systems,Enterprise,499.0,Churned,2517,13.76,2026-01-16
ACC_10310,Delta_Systems,Basic,49.0,Active,93606,12.7,2026-01-02
ACC_10311,Delta_Systems,Professional,149.0,Active,13525,498.57,2026-03-06
ACC_10312,Acme_Corp,Enterprise,499.0,Active,82458,264.22,2026-05-04
ACC_10313,Acme_Corp,Basic,49.0,Active,51475,4.21,2026-01-07
ACC_10314,Beta_Industries,Professional,149.0,Active,53430,475.51,2025-01-27
ACC_10315,Omega_Labs,Basic,49.0,Active,82371,42.88,2025-10-30
ACC_10316,Omega_Labs,Professional,149.0,Active,32696,492.01,2026-03-17
ACC_10317,Acme_Corp,Professional,149.0,Churned,3608,373.3,2026-02-26
ACC_10318,Delta_Systems,Basic,49.0,Active,26885,43.23,2025-10-07
ACC_10319,Omega_Labs,Enterprise,499.0,Churned,994,434.51,2025-03-01
ACC_10320,Acme_Corp,Enterprise,499.0,Active,86053,380.87,2025-06-23
ACC_10321,Delta_Systems,Basic,49.0,Churned,702,45.6,2026-03-04
ACC_10322,Beta_Industries,Enterprise,499.0,Churned,536,241.54,2025-02-15
ACC_10323,Beta_Industries,Enterprise,499.0,Active,79583,124.9,2026-01-17
ACC_10324,Acme_Corp,Professional,149.0,Churned,126,295.75,2026-03-20
ACC_10325,Omega_Labs,Enterprise,499.0,Churned,2778,7.29,2025-07-24
ACC_10326,Beta_Industries,Professional,149.0,Churned,1399,487.39,2025-12-04
ACC_10327,Beta_Industries,Enterprise,499.0,Active,64788,476.4,2025-08-05
ACC_10328,Acme_Corp,Enterprise,499.0,Active,46667,74.24,2025-06-28
ACC_10329,Omega_Labs,Basic,49.0,Active,74819,24.17,2025-06-09
ACC_10330,Omega_Labs,Basic,49.0,Active,22931,47.07,2026-02-28
ACC_10331,Acme_Corp,Professional,149.0,Active,45504,42.63,2025-10-16
ACC_10332,Acme_Corp,Professional,149.0,Active,81561,284.42,2025-04-13
ACC_10333,Beta_Industries,Professional,149.0,Active,69077,22.03,2025-05-23
ACC_10334,Omega_Labs,Basic,49.0,Churned,326,35.35,2026-04-04
ACC_10335,Beta_Industries,Basic,49.0,Active,26515,15.01,2025-03-14
ACC_10336,Omega_Labs,Professional,149.0,Churned,1117,170.72,2025-11-14
ACC_10337,Delta_Systems,Enterprise,499.0,Active,46663,277.17,2026-04-04
ACC_10338,Beta_Industries,Professional,149.0,Active,34162,322.32,2026-02-14
ACC_10339,Acme_Corp,Professional,149.0,Active,15813,31.59,2026-04-04
ACC_10340,Delta_Systems,Basic,49.0,Active,83686,11.04,2025-10-28
ACC_10341,Delta_Systems,Professional,149.0,Churned,1937,436.11,2025-06-22
ACC_10342,Acme_Corp,Enterprise,499.0,Churned,3675,11.9,2025-11-03
ACC_10343,Delta_Systems,Professional,149.0,Active,3420,247.4,2025-12-18
ACC_10344,Omega_Labs,Professional,149.0,Active,46000,37.49,2025-02-04
ACC_10345,Delta_Systems,Enterprise,499.0,Active,30527,88.34,2026-01-26
ACC_10346,Acme_Corp,Enterprise,499.0,Active,74631,314.94,2026-03-21
ACC_10347,Omega_Labs,Professional,149.0,Churned,1722,257.73,2026-03-20
ACC_10348,Acme_Corp,Professional,149.0,Active,22515,303.69,2025-12-20
ACC_10349,Delta_Systems,Professional,149.0,Churned,4400,139.5,2025-09-19
ACC_10350,Delta_Systems,Professional,149.0,Active,48864,233.71,2025-05-05
ACC_10351,Acme_Corp,Enterprise,499.0,Active,20475,203.55,2025-12-21
ACC_10352,Beta_Industries,Enterprise,499.0,Active,66561,485.74,2026-03-04
ACC_10353,Delta_Systems,Basic,49.0,Active,5148,12.44,2026-02-26
ACC_10354,Omega_Labs,Basic,49.0,Active,70635,29.01,2025-01-14
ACC_10355,Omega_Labs,Professional,149.0,Active,61772,484.75,2025-11-22
ACC_10356,Beta_Industries,Enterprise,499.0,Active,14260,387.08,2025-09-18
ACC_10357,Omega_Labs,Basic,49.0,Active,52733,3.77,2025-10-30
ACC_10358,Beta_Industries,Professional,149.0,Active,77119,414.7,2025-09-23
ACC_10359,Acme_Corp,Basic,49.0,Churned,2370,8.44,2025-09-21
ACC_10360,Omega_Labs,Basic,49.0,Active,52386,33.22,2026-02-25
ACC_10361,Acme_Corp,Basic,49.0,Active,26655,22.37,2025-04-30
ACC_10362,Delta_Systems,Enterprise,499.0,Active,83694,57.29,2025-04-18
ACC_10363,Beta_Industries,Professional,149.0,Active,48114,116.72,2026-04-02
ACC_10364,Beta_Industries,Basic,49.0,Active,1558,22.66,2025-04-29
ACC_10365,Acme_Corp,Enterprise,499.0,Active,9700,292.96,2025-06-10
ACC_10366,Omega_Labs,Professional,149.0,Churned,2299,482.61,2025-06-30
ACC_10367,Delta_Systems,Professional,149.0,Active,89893,486.59,2025-08-05
ACC_10368,Delta_Systems,Enterprise,499.0,Churned,3259,172.31,2026-05-10
ACC_10369,Beta_Industries,Enterprise,499.0,Churned,4413,352.78,2025-05-06
ACC_10370,Beta_Industries,Enterprise,499.0,Churned,1374,48.31,2026-05-13
ACC_10371,Omega_Labs,Basic,49.0,Churned,4622,48.17,2025-12-24
ACC_10372,Delta_Systems,Professional,149.0,Active,16077,188.09,2025-11-07
ACC_10373,Beta_Industries,Professional,149.0,Active,24589,434.65,2025-05-25
ACC_10374,Omega_Labs,Basic,49.0,Churned,1873,39.8,2026-04-20
ACC_10375,Omega_Labs,Basic,49.0,Active,79634,32.98,2025-05-27
ACC_10376,Acme_Corp,Basic,49.0,Active,8625,32.93,2025-03-31
ACC_10377,Beta_Industries,Professional,149.0,Active,61076,204.34,2025-03-14
ACC_10378,Omega_Labs,Basic,49.0,Active,85650,36.95,2025-09-02
ACC_10379,Omega_Labs,Professional,149.0,Active,29665,462.95,2025-04-12
ACC_10380,Delta_Systems,Professional,149.0,Active,97152,399.21,2025-03-23
ACC_10381,Delta_Systems,Basic,49.0,Active,1867,14.91,2025-05-09
ACC_10382,Delta_Systems,Basic,49.0,Active,89652,18.39,2025-05-23
ACC_10383,Delta_Systems,Enterprise,499.0,Active,36143,274.93,2026-02-07
ACC_10384,Acme_Corp,Basic,49.0,Churned,3348,30.21,2026-05-12
ACC_10385,Beta_Industries,Professional,149.0,Active,78076,190.82,2026-03-26
ACC_10386,Beta_Industries,Professional,149.0,Active,31848,407.16,2026-02-16
ACC_10387,Acme_Corp,Basic,49.0,Active,12056,12.38,2025-10-31
ACC_10388,Omega_Labs,Enterprise,499.0,Active,27466,406.77,2026-03-08
ACC_10389,Beta_Industries,Enterprise,499.0,Active,25096,99.1,2026-05-08
ACC_10390,Delta_Systems,Enterprise,499.0,Active,39810,122.88,2025-05-04
ACC_10391,Delta_Systems,Enterprise,499.0,Active,79112,240.37,2025-11-20
ACC_10392,Delta_Systems,Professional,149.0,Active,50615,129.5,2026-01-16
ACC_10393,Omega_Labs,Professional,149.0,Active,72930,266.83,2025-06-06
ACC_10394,Omega_Labs,Professional,149.0,Churned,1691,200.85,2025-06-07
ACC_10395,Acme_Corp,Professional,149.0,Active,44639,91.95,2025-12-16
ACC_10396,Acme_Corp,Enterprise,499.0,Active,19243,397.01,2026-03-23
ACC_10397,Acme_Corp,Professional,149.0,Churned,1485,44.89,2025-02-05
ACC_10398,Beta_Industries,Basic,49.0,Churned,1718,31.69,2026-01-11
ACC_10399,Delta_Systems,Basic,49.0,Active,24169,25.81,2026-02-10
ACC_10400,Omega_Labs,Basic,49.0,Active,82429,8.82,2025-01-09
ACC_10401,Acme_Corp,Basic,49.0,Active,72331,17.74,2025-03-13
ACC_10402,Beta_Industries,Enterprise,499.0,Active,56326,425.81,2025-03-09
ACC_10403,Delta_Systems,Professional,149.0,Active,82071,76.13,2025-05-26
ACC_10404,Delta_Systems,Professional,149.0,Active,26660,368.83,2025-06-24
ACC_10405,Beta_Industries,Basic,49.0,Active,49604,9.0,2025-05-29
ACC_10406,Acme_Corp,Enterprise,499.0,Active,40890,274.03,2026-04-21
ACC_10407,Beta_Industries,Basic,49.0,Active,58284,24.89,2025-03-18
ACC_10408,Beta_Industries,Enterprise,499.0,Active,94518,222.19,2025-03-26
ACC_10409,Acme_Corp,Enterprise,499.0,Active,56254,495.64,2025-08-29
ACC_10410,Omega_Labs,Professional,149.0,Active,18125,169.61,2025-03-09
ACC_10411,Omega_Labs,Enterprise,499.0,Active,12823,44.2,2026-05-09
ACC_10412,Acme_Corp,Enterprise,499.0,Active,55124,114.49,2025-05-16
ACC_10413,Acme_Corp,Enterprise,499.0,Churned,3723,335.3,2025-09-26
ACC_10414,Omega_Labs,Enterprise,499.0,Churned,2833,440.22,2025-05-29
ACC_10415,Beta_Industries,Enterprise,499.0,Active,45613,167.5,2025-10-27
ACC_10416,Beta_Industries,Professional,149.0,Active,19701,182.43,2025-06-21
ACC_10417,Delta_Systems,Professional,149.0,Active,53863,31.48,2025-10-13
ACC_10418,Omega_Labs,Professional,149.0,Churned,1878,318.03,2026-03-29
ACC_10419,Delta_Systems,Basic,49.0,Active,89233,22.57,2025-07-27
ACC_10420,Omega_Labs,Basic,49.0,Churned,3729,39.79,2026-01-31
ACC_10421,Omega_Labs,Professional,149.0,Active,56422,77.48,2025-10-06
ACC_10422,Acme_Corp,Basic,49.0,Active,98952,4.74,2025-10-13
ACC_10423,Beta_Industries,Professional,149.0,Churned,4905,65.17,2025-08-19
ACC_10424,Omega_Labs,Professional,149.0,Churned,2566,19.53,2025-08-14
ACC_10425,Acme_Corp,Enterprise,499.0,Active,84828,45.19,2025-08-25
ACC_10426,Delta_Systems,Basic,49.0,Active,55614,41.28,2026-03-25
ACC_10427,Beta_Industries,Enterprise,499.0,Active,65477,258.57,2025-07-15
ACC_10428,Delta_Systems,Professional,149.0,Active,4937,283.94,2025-05-23
ACC_10429,Omega_Labs,Professional,149.0,Churned,570,59.51,2025-08-27
ACC_10430,Beta_Industries,Basic,49.0,Active,61131,26.67,2025-06-07
ACC_10431,Beta_Industries,Professional,149.0,Active,32250,153.38,2025-12-02
ACC_10432,Acme_Corp,Enterprise,499.0,Active,7221,78.16,2025-06-12
ACC_10433,Delta_Systems,Professional,149.0,Active,55749,321.02,2025-10-03
ACC_10434,Acme_Corp,Professional,149.0,Active,64809,157.89,2025-09-10
ACC_10435,Delta_Systems,Professional,149.0,Active,31555,382.76,2025-04-20
ACC_10436,Acme_Corp,Enterprise,499.0,Active,23929,74.47,2026-03-01
ACC_10437,Acme_Corp,Professional,149.0,Churned,973,68.88,2026-02-09
ACC_10438,Omega_Labs,Basic,49.0,Churned,4233,21.68,2025-01-12
ACC_10439,Acme_Corp,Enterprise,499.0,Active,52688,54.17,2025-01-20
ACC_10440,Beta_Industries,Basic,49.0,Active,61045,32.55,2025-09-11
ACC_10441,Delta_Systems,Enterprise,499.0,Active,43413,230.71,2025-01-05
ACC_10442,Beta_Industries,Professional,149.0,Active,46832,310.32,2025-06-27
ACC_10443,Delta_Systems,Basic,49.0,Active,45436,7.2,2025-03-24
ACC_10444,Acme_Corp,Professional,149.0,Active,6906,346.54,2026-01-06
ACC_10445,Omega_Labs,Basic,49.0,Churned,1648,11.52,2025-09-17
ACC_10446,Acme_Corp,Enterprise,499.0,Churned,3302,312.51,2025-11-04
ACC_10447,Omega_Labs,Professional,149.0,Active,15922,396.36,2025-06-27
ACC_10448,Delta_Systems,Professional,149.0,Churned,2149,241.59,2026-04-28
ACC_10449,Delta_Systems,Basic,49.0,Active,69752,0.65,2025-03-27
ACC_10450,Beta_Industries,Professional,149.0,Active,73794,291.7,2026-02-09
ACC_10451,Delta_Systems,Professional,149.0,Churned,910,108.78,2026-02-27
ACC_10452,Acme_Corp,Professional,149.0,Active,57032,100.63,2026-05-08
ACC_10453,Acme_Corp,Basic,49.0,Churned,474,5.58,2025-06-13
ACC_10454,Omega_Labs,Enterprise,499.0,Active,29800,244.89,2026-02-09
ACC_10455,Omega_Labs,Professional,149.0,Churned,3845,326.38,2025-04-22
ACC_10456,Delta_Systems,Basic,49.0,Active,31120,23.03,2026-03-12
ACC_10457,Acme_Corp,Professional,149.0,Active,53852,52.42,2025-04-23
ACC_10458,Omega_Labs,Basic,49.0,Active,65141,21.94,2025-05-09
ACC_10459,Acme_Corp,Basic,49.0,Active,20781,12.73,2025-08-30
ACC_10460,Omega_Labs,Basic,49.0,Churned,4864,33.0,2025-07-22
ACC_10461,Delta_Systems,Professional,149.0,Churned,88,444.86,2026-03-09
ACC_10462,Delta_Systems,Basic,49.0,Active,30611,49.41,2025-03-10
ACC_10463,Delta_Systems,Basic,49.0,Churned,3281,4.33,2025-11-29
ACC_10464,Delta_Systems,Basic,49.0,Active,90070,0.7,2026-03-11
ACC_10465,Acme_Corp,Basic,49.0,Churned,1960,14.9,2025-11-10
ACC_10466,Delta_Systems,Enterprise,499.0,Active,64527,178.39,2026-01-26
ACC_10467,Beta_Industries,Basic,49.0,Active,76795,13.33,2025-12-16
ACC_10468,Beta_Industries,Enterprise,499.0,Churned,3301,449.6,2026-01-03
ACC_10469,Omega_Labs,Basic,49.0,Active,97218,10.36,2026-03-26
ACC_10470,Acme_Corp,Professional,149.0,Churned,1650,322.49,2025-03-19
ACC_10471,Beta_Industries,Enterprise,499.0,Active,58213,162.12,2025-09-12
ACC_10472,Omega_Labs,Enterprise,499.0,Churned,2431,243.78,2025-09-15
ACC_10473,Omega_Labs,Enterprise,499.0,Churned,3369,328.75,2025-10-15
ACC_10474,Delta_Systems,Professional,149.0,Active,58779,299.87,2025-09-30
ACC_10475,Acme_Corp,Basic,49.0,Churned,4951,22.03,2025-11-11
ACC_10476,Acme_Corp,Professional,149.0,Active,2961,464.27,2026-05-15
ACC_10477,Omega_Labs,Enterprise,499.0,Active,61832,144.02,2025-04-23
ACC_10478,Omega_Labs,Professional,149.0,Active,76772,130.33,2025-02-08
ACC_10479,Delta_Systems,Professional,149.0,Active,16497,421.24,2026-02-01
ACC_10480,Omega_Labs,Professional,149.0,Active,15071,28.35,2025-05-31
ACC_10481,Omega_Labs,Professional,149.0,Active,59212,468.79,2025-08-23
ACC_10482,Acme_Corp,Basic,49.0,Active,64528,34.3,2025-09-15
ACC_10483,Omega_Labs,Enterprise,499.0,Active,92098,253.67,2025-04-05
ACC_10484,Omega_Labs,Basic,49.0,Active,27544,29.56,2025-06-20
ACC_10485,Omega_Labs,Enterprise,499.0,Active,84486,77.06,2025-04-28
ACC_10486,Beta_Industries,Enterprise,499.0,Churned,1314,380.92,2026-01-02
ACC_10487,Delta_Systems,Professional,149.0,Active,65595,124.47,2025-05-24
ACC_10488,Acme_Corp,Enterprise,499.0,Active,63446,201.64,2026-01-23
ACC_10489,Beta_Industries,Professional,149.0,Active,3581,371.56,2026-04-18
ACC_10490,Beta_Industries,Enterprise,499.0,Active,77365,178.66,2026-02-15
ACC_10491,Acme_Corp,Basic,49.0,Churned,2291,38.07,2026-02-24
ACC_10492,Beta_Industries,Basic,49.0,Active,14444,47.91,2025-01-14
ACC_10493,Acme_Corp,Enterprise,499.0,Churned,3905,251.77,2025-08-31
ACC_10494,Beta_Industries,Enterprise,499.0,Active,18813,443.27,2025-05-12
ACC_10495,Delta_Systems,Professional,149.0,Active,79145,348.27,2025-08-18
ACC_10496,Acme_Corp,Professional,149.0,Active,62127,397.41,2026-03-06
ACC_10497,Omega_Labs,Basic,49.0,Active,68599,25.55,2025-03-12
ACC_10498,Delta_Systems,Basic,49.0,Churned,2957,2.73,2025-07-05
ACC_10499,Omega_Labs,Professional,149.0,Active,14726,136.01,2025-03-23
ACC_10500,Omega_Labs,Enterprise,499.0,Active,6497,75.78,2025-11-15
ACC_10501,Omega_Labs,Basic,49.0,Churned,2984,41.27,2025-01-30
ACC_10502,Delta_Systems,Basic,49.0,Churned,4288,36.8,2025-12-16
ACC_10503,Acme_Corp,Professional,149.0,Active,50788,299.72,2025-04-26
ACC_10504,Delta_Systems,Enterprise,499.0,Active,34287,150.77,2025-11-09
ACC_10505,Acme_Corp,Basic,49.0,Active,50311,39.3,2025-09-17
ACC_10506,Delta_Systems,Enterprise,499.0,Active,84545,373.99,2025-02-16
ACC_10507,Delta_Systems,Basic,49.0,Active,96304,48.98,2026-02-04
ACC_10508,Delta_Systems,Basic,49.0,Active,6897,29.37,2025-04-23
ACC_10509,Beta_Industries,Basic,49.0,Active,85030,47.04,2025-12-31
ACC_10510,Beta_Industries,Enterprise,499.0,Active,82406,189.39,2026-02-14
ACC_10511,Omega_Labs,Basic,49.0,Churned,713,24.2,2025-02-18
ACC_10512,Beta_Industries,Professional,149.0,Churned,2988,219.27,2025-05-06
ACC_10513,Acme_Corp,Professional,149.0,Active,17569,305.7,2025-07-01
ACC_10514,Omega_Labs,Basic,49.0,Active,14475,23.66,2025-03-25
ACC_10515,Acme_Corp,Professional,149.0,Churned,4723,142.17,2025-12-30
ACC_10516,Omega_Labs,Enterprise,499.0,Active,20175,393.88,2026-03-15
ACC_10517,Beta_Industries,Professional,149.0,Active,8396,388.69,2025-04-16
ACC_10518,Omega_Labs,Basic,49.0,Active,59563,2.42,2025-08-16
ACC_10519,Beta_Industries,Professional,149.0,Active,16392,266.91,2026-03-17
ACC_10520,Acme_Corp,Enterprise,499.0,Active,97394,119.54,2025-03-11
ACC_10521,Omega_Labs,Enterprise,499.0,Churned,3736,441.24,2026-04-17
ACC_10522,Acme_Corp,Professional,149.0,Active,23169,365.81,2026-05-07
ACC_10523,Beta_Industries,Basic,49.0,Active,35021,9.64,2025-03-10
ACC_10524,Acme_Corp,Enterprise,499.0,Active,62792,304.85,2025-12-11
ACC_10525,Acme_Corp,Basic,49.0,Active,7845,36.03,2025-06-10
ACC_10526,Delta_Systems,Professional,149.0,Active,33865,281.27,2025-11-23
ACC_10527,Acme_Corp,Basic,49.0,Active,72207,36.17,2025-12-20
ACC_10528,Acme_Corp,Enterprise,499.0,Active,87044,307.03,2025-06-26
ACC_10529,Beta_Industries,Professional,149.0,Active,48445,84.14,2025-03-06
ACC_10530,Beta_Industries,Professional,149.0,Churned,3147,50.13,2025-02-26
ACC_10531,Omega_Labs,Enterprise,499.0,Active,93769,146.36,2025-06-16
ACC_10532,Delta_Systems,Professional,149.0,Churned,620,27.4,2025-02-28
ACC_10533,Delta_Systems,Basic,49.0,Churned,2334,8.32,2025-02-01
ACC_10534,Delta_Systems,Professional,149.0,Churned,2801,439.1,2025-08-02
ACC_10535,Beta_Industries,Professional,149.0,Active,28124,280.75,2026-01-16
ACC_10536,Omega_Labs,Professional,149.0,Active,82316,48.43,2026-03-23
ACC_10537,Delta_Systems,Basic,49.0,Active,19158,5.36,2026-05-15
ACC_10538,Omega_Labs,Enterprise,499.0,Active,79525,48.06,2026-01-14
ACC_10539,Acme_Corp,Enterprise,499.0,Active,61501,48.38,2025-09-25
ACC_10540,Omega_Labs,Basic,49.0,Churned,4664,9.87,2026-04-30
ACC_10541,Beta_Industries,Professional,149.0,Active,29639,279.57,2025-11-12
ACC_10542,Beta_Industries,Enterprise,499.0,Churned,2934,453.21,2026-01-22
ACC_10543,Beta_Industries,Enterprise,499.0,Churned,2986,299.66,2026-05-01
ACC_10544,Delta_Systems,Basic,49.0,Churned,697,7.69,2026-01-15
ACC_10545,Omega_Labs,Professional,149.0,Active,6406,441.38,2026-01-01
ACC_10546,Omega_Labs,Enterprise,499.0,Active,54900,209.75,2026-01-10
ACC_10547,Delta_Systems,Basic,49.0,Active,56981,8.38,2025-06-07
ACC_10548,Beta_Industries,Professional,149.0,Active,8938,66.22,2025-02-28
ACC_10549,Acme_Corp,Basic,49.0,Active,27319,36.0,2025-12-19
ACC_10550,Beta_Industries,Professional,149.0,Active,33494,94.92,2025-05-13
ACC_10551,Acme_Corp,Basic,49.0,Churned,655,35.54,2026-05-01
ACC_10552,Omega_Labs,Basic,49.0,Active,52642,32.62,2026-03-26
ACC_10553,Acme_Corp,Basic,49.0,Churned,1164,44.0,2025-08-14
ACC_10554,Beta_Industries,Professional,149.0,Churned,3841,44.96,2025-10-04
ACC_10555,Acme_Corp,Basic,49.0,Active,45596,37.01,2025-06-29
ACC_10556,Beta_Industries,Professional,149.0,Active,84746,311.03,2026-03-17
ACC_10557,Beta_Industries,Basic,49.0,Active,18558,42.2,2025-04-18
ACC_10558,Delta_Systems,Enterprise,499.0,Active,28016,338.57,2025-07-31
ACC_10559,Beta_Industries,Enterprise,499.0,Churned,165,341.31,2025-09-05
ACC_10560,Beta_Industries,Basic,49.0,Churned,3840,14.04,2025-05-04
ACC_10561,Delta_Systems,Enterprise,499.0,Churned,4638,18.04,2026-03-18
ACC_10562,Acme_Corp,Basic,49.0,Active,49281,45.19,2026-05-15
ACC_10563,Acme_Corp,Enterprise,499.0,Active,51439,332.99,2025-12-21
ACC_10564,Beta_Industries,Enterprise,499.0,Active,73454,1.59,2025-05-14
ACC_10565,Delta_Systems,Enterprise,499.0,Active,72737,230.99,2026-01-11
ACC_10566,Omega_Labs,Basic,49.0,Churned,3628,20.7,2025-07-09
ACC_10567,Delta_Systems,Professional,149.0,Active,8972,211.59,2025-03-25
ACC_10568,Beta_Industries,Professional,149.0,Active,54409,429.38,2025-08-03
ACC_10569,Delta_Systems,Professional,149.0,Active,22278,402.75,2026-01-22
ACC_10570,Omega_Labs,Basic,49.0,Active,73266,28.0,2025-07-25
ACC_10571,Omega_Labs,Enterprise,499.0,Active,52642,225.75,2025-10-02
ACC_10572,Omega_Labs,Professional,149.0,Active,52375,49.62,2025-11-13
ACC_10573,Beta_Industries,Basic,49.0,Churned,3457,14.26,2025-06-10
ACC_10574,Beta_Industries,Enterprise,499.0,Active,11740,151.01,2025-08-15
ACC_10575,Beta_Industries,Basic,49.0,Churned,997,42.63,2025-03-09
ACC_10576,Acme_Corp,Basic,49.0,Active,63595,9.35,2025-03-27
ACC_10577,Delta_Systems,Basic,49.0,Active,52131,1.83,2026-01-04
ACC_10578,Delta_Systems,Enterprise,499.0,Churned,1595,287.31,2026-05-09
ACC_10579,Acme_Corp,Basic,49.0,Churned,3950,29.99,2025-10-03
ACC_10580,Acme_Corp,Basic,49.0,Active,85936,1.73,2025-07-20
ACC_10581,Delta_Systems,Basic,49.0,Active,60371,28.63,2025-08-04
ACC_10582,Acme_Corp,Enterprise,499.0,Active,92991,455.47,2026-02-28
ACC_10583,Beta_Industries,Enterprise,499.0,Active,27149,83.67,2025-12-27
ACC_10584,Beta_Industries,Basic,49.0,Active,96519,39.46,2025-02-07
ACC_10585,Delta_Systems,Enterprise,499.0,Active,31759,118.24,2025-12-14
ACC_10586,Omega_Labs,Basic,49.0,Active,47071,47.53,2025-12-08
ACC_10587,Beta_Industries,Enterprise,499.0,Active,43252,135.58,2025-12-27
ACC_10588,Beta_Industries,Professional,149.0,Active,94405,181.88,2025-06-02
ACC_10589,Omega_Labs,Professional,149.0,Active,41083,120.57,2025-10-10
ACC_10590,Beta_Industries,Basic,49.0,Active,43104,24.15,2025-04-03
ACC_10591,Omega_Labs,Professional,149.0,Active,56544,237.93,2026-03-08
ACC_10592,Acme_Corp,Basic,49.0,Active,43556,0.48,2026-05-01
ACC_10593,Beta_Industries,Enterprise,499.0,Churned,4707,232.23,2026-01-15
ACC_10594,Acme_Corp,Basic,49.0,Churned,2439,13.96,2025-11-14
ACC_10595,Omega_Labs,Basic,49.0,Active,34123,26.63,2025-02-10
ACC_10596,Delta_Systems,Enterprise,499.0,Active,22554,247.53,2025-02-10
ACC_10597,Delta_Systems,Professional,149.0,Active,83776,464.82,2026-01-30
ACC_10598,Acme_Corp,Basic,49.0,Churned,28,20.61,2025-04-18
ACC_10599,Omega_Labs,Basic,49.0,Active,72624,15.54,2025-04-19
ACC_10600,Acme_Corp,Professional,149.0,Active,3821,361.11,2026-04-21
ACC_10601,Acme_Corp,Enterprise,499.0,Active,53393,129.92,2025-12-09
ACC_10602,Delta_Systems,Basic,49.0,Active,23877,12.91,2025-12-06
ACC_10603,Omega_Labs,Professional,149.0,Active,25495,185.47,2025-05-07
ACC_10604,Delta_Systems,Enterprise,499.0,Churned,3818,203.01,2026-02-28
ACC_10605,Delta_Systems,Enterprise,499.0,Active,71925,334.78,2026-02-27
ACC_10606,Acme_Corp,Professional,149.0,Active,10558,299.95,2025-11-03
ACC_10607,Beta_Industries,Professional,149.0,Active,64700,306.87,2025-04-28
ACC_10608,Omega_Labs,Enterprise,499.0,Churned,2724,370.88,2026-03-30
ACC_10609,Acme_Corp,Professional,149.0,Active,94033,72.36,2026-02-04
ACC_10610,Acme_Corp,Basic,49.0,Active,2782,24.35,2025-09-25
ACC_10611,Acme_Corp,Enterprise,499.0,Active,75464,404.3,2025-12-23
ACC_10612,Delta_Systems,Enterprise,499.0,Active,51083,326.67,2025-10-06
ACC_10613,Omega_Labs,Basic,49.0,Active,36768,13.84,2025-04-17
ACC_10614,Acme_Corp,Professional,149.0,Active,36527,114.3,2025-01-30
ACC_10615,Omega_Labs,Enterprise,499.0,Active,52895,458.44,2025-06-05
ACC_10616,Delta_Systems,Enterprise,499.0,Churned,2051,185.97,2025-03-16
ACC_10617,Beta_Industries,Basic,49.0,Churned,3371,8.43,2025-06-16
ACC_10618,Acme_Corp,Enterprise,499.0,Churned,1601,381.31,2026-02-25
ACC_10619,Delta_Systems,Enterprise,499.0,Active,40879,190.39,2025-07-21
ACC_10620,Delta_Systems,Enterprise,499.0,Active,12238,205.7,2026-04-24
ACC_10621,Acme_Corp,Basic,49.0,Active,23352,26.6,2025-03-05
ACC_10622,Omega_Labs,Professional,149.0,Active,49015,84.93,2025-01-31
ACC_10623,Beta_Industries,Basic,49.0,Active,20299,25.32,2026-01-11
ACC_10624,Delta_Systems,Basic,49.0,Churned,1188,10.52,2025-06-03
ACC_10625,Delta_Systems,Enterprise,499.0,Active,26917,157.63,2025-02-20
ACC_10626,Acme_Corp,Enterprise,499.0,Active,53661,450.19,2025-01-30
ACC_10627,Acme_Corp,Basic,49.0,Active,8536,23.75,2025-05-04
ACC_10628,Beta_Industries,Professional,149.0,Churned,2426,45.47,2025-07-20
ACC_10629,Delta_Systems,Enterprise,499.0,Active,60000,485.41,2026-05-15
ACC_10630,Beta_Industries,Basic,49.0,Active,2852,26.66,2026-05-04
ACC_10631,Acme_Corp,Professional,149.0,Active,76618,221.06,2026-01-14
ACC_10632,Beta_Industries,Professional,149.0,Churned,4867,30.24,2025-04-19
ACC_10633,Beta_Industries,Enterprise,499.0,Churned,309,415.6,2025-01-21
ACC_10634,Omega_Labs,Enterprise,499.0,Active,31154,70.89,2025-04-02
ACC_10635,Delta_Systems,Basic,49.0,Active,27262,10.44,2025-12-20
ACC_10636,Acme_Corp,Basic,49.0,Active,57669,31.21,2025-09-09
ACC_10637,Acme_Corp,Professional,149.0,Active,58842,198.48,2025-06-14
ACC_10638,Omega_Labs,Basic,49.0,Active,92521,11.46,2025-04-11
ACC_10639,Omega_Labs,Enterprise,499.0,Active,25342,177.7,2025-12-20
ACC_10640,Delta_Systems,Professional,149.0,Active,56190,275.34,2025-09-03
ACC_10641,Acme_Corp,Basic,49.0,Churned,1970,43.87,2025-01-20
ACC_10642,Omega_Labs,Professional,149.0,Active,60511,242.48,2026-01-06
ACC_10643,Omega_Labs,Professional,149.0,Active,73305,261.94,2025-07-02
ACC_10644,Beta_Industries,Enterprise,499.0,Active,62654,459.49,2026-02-15
ACC_10645,Delta_Systems,Professional,149.0,Active,55720,490.4,2025-06-28
ACC_10646,Beta_Industries,Enterprise,499.0,Active,52471,403.58,2025-08-27
ACC_10647,Delta_Systems,Enterprise,499.0,Active,82535,3.08,2025-11-24
ACC_10648,Acme_Corp,Basic,49.0,Active,80518,15.66,2025-12-18
ACC_10649,Delta_Systems,Enterprise,499.0,Active,26018,313.86,2025-01-13
ACC_10650,Delta_Systems,Enterprise,499.0,Churned,2537,464.73,2025-04-24
ACC_10651,Beta_Industries,Enterprise,499.0,Active,19837,68.52,2025-02-23
ACC_10652,Beta_Industries,Basic,49.0,Churned,3762,14.01,2025-07-23
ACC_10653,Omega_Labs,Professional,149.0,Active,57122,495.29,2025-08-10
ACC_10654,Beta_Industries,Professional,149.0,Active,12090,2.66,2026-05-03
ACC_10655,Delta_Systems,Basic,49.0,Churned,1582,37.05,2025-01-25
ACC_10656,Acme_Corp,Basic,49.0,Churned,2245,32.96,2025-05-16
ACC_10657,Delta_Systems,Basic,49.0,Churned,2251,5.31,2025-02-04
ACC_10658,Delta_Systems,Basic,49.0,Active,49011,34.4,2026-03-06
ACC_10659,Delta_Systems,Professional,149.0,Active,24822,316.6,2025-12-21
ACC_10660,Acme_Corp,Basic,49.0,Churned,2102,47.76,2025-10-17
ACC_10661,Delta_Systems,Professional,149.0,Churned,2432,421.27,2025-03-07
ACC_10662,Omega_Labs,Professional,149.0,Churned,4555,355.49,2025-11-18
ACC_10663,Omega_Labs,Enterprise,499.0,Active,68987,147.32,2025-10-17
ACC_10664,Omega_Labs,Professional,149.0,Active,24282,239.0,2025-01-27
ACC_10665,Acme_Corp,Basic,49.0,Active,33704,1.78,2025-06-07
ACC_10666,Delta_Systems,Basic,49.0,Active,31250,44.44,2025-11-09
ACC_10667,Delta_Systems,Professional,149.0,Active,90071,312.95,2025-01-10
ACC_10668,Omega_Labs,Professional,149.0,Active,16737,411.53,2025-06-27
ACC_10669,Omega_Labs,Enterprise,499.0,Active,84727,72.72,2025-01-30
ACC_10670,Delta_Systems,Professional,149.0,Churned,4055,441.17,2025-04-29
ACC_10671,Omega_Labs,Professional,149.0,Active,7516,374.7,2025-03-16
ACC_10672,Delta_Systems,Basic,49.0,Active,89581,39.17,2025-08-29
ACC_10673,Beta_Industries,Professional,149.0,Active,28490,292.26,2025-07-28
ACC_10674,Omega_Labs,Basic,49.0,Active,81311,37.07,2025-11-21
ACC_10675,Acme_Corp,Enterprise,499.0,Active,71774,136.29,2025-03-06
ACC_10676,Delta_Systems,Professional,149.0,Churned,828,217.76,2026-03-28
ACC_10677,Acme_Corp,Professional,149.0,Churned,3502,59.34,2025-02-25
ACC_10678,Delta_Systems,Professional,149.0,Active,92622,422.36,2026-02-21
ACC_10679,Delta_Systems,Professional,149.0,Active,86216,356.95,2025-01-23
ACC_10680,Acme_Corp,Basic,49.0,Active,90463,6.57,2025-01-24
ACC_10681,Omega_Labs,Enterprise,499.0,Active,71868,54.02,2025-04-04
ACC_10682,Delta_Systems,Enterprise,499.0,Churned,2867,53.75,2025-10-20
ACC_10683,Beta_Industries,Enterprise,499.0,Churned,1388,229.66,2025-02-10
ACC_10684,Beta_Industries,Professional,149.0,Active,54620,27.6,2025-08-24
ACC_10685,Acme_Corp,Basic,49.0,Active,25472,20.85,2025-08-17
ACC_10686,Beta_Industries,Basic,49.0,Active,96190,36.55,2025-06-15
ACC_10687,Beta_Industries,Basic,49.0,Churned,1888,30.43,2025-04-19
ACC_10688,Beta_Industries,Basic,49.0,Churned,949,19.82,2025-09-21
ACC_10689,Omega_Labs,Professional,149.0,Active,74583,44.04,2025-03-06
ACC_10690,Delta_Systems,Enterprise,499.0,Active,27172,57.09,2025-11-09
ACC_10691,Beta_Industries,Basic,49.0,Churned,2110,34.43,2025-10-30
ACC_10692,Acme_Corp,Basic,49.0,Active,37109,1.06,2025-10-07
ACC_10693,Omega_Labs,Professional,149.0,Active,24972,368.5,2025-06-12
ACC_10694,Beta_Industries,Basic,49.0,Churned,4989,0.6,2025-07-01
ACC_10695,Delta_Systems,Basic,49.0,Churned,3269,19.94,2026-01-13
ACC_10696,Acme_Corp,Enterprise,499.0,Churned,3768,111.07,2025-09-29
ACC_10697,Omega_Labs,Professional,149.0,Churned,3774,39.58,2025-10-10
ACC_10698,Delta_Systems,Professional,149.0,Active,30616,133.89,2025-06-11
ACC_10699,Omega_Labs,Basic,49.0,Active,55850,25.95,2025-02-02
ACC_10700,Omega_Labs,Basic,49.0,Active,47107,28.45,2025-01-12
ACC_10701,Acme_Corp,Basic,49.0,Active,64610,33.81,2025-08-16
ACC_10702,Omega_Labs,Enterprise,499.0,Churned,3040,390.52,2025-08-13
ACC_10703,Omega_Labs,Basic,49.0,Active,46171,3.38,2025-02-28
ACC_10704,Acme_Corp,Basic,49.0,Active,31631,23.72,2025-08-14
ACC_10705,Omega_Labs,Enterprise,499.0,Churned,525,478.96,2025-08-06
ACC_10706,Acme_Corp,Enterprise,499.0,Active,75207,272.92,2025-11-08
ACC_10707,Delta_Systems,Professional,149.0,Active,38958,363.23,2025-01-17
ACC_10708,Delta_Systems,Professional,149.0,Active,46973,158.6,2025-01-26
ACC_10709,Delta_Systems,Enterprise,499.0,Active,56251,318.52,2025-06-30
ACC_10710,Delta_Systems,Enterprise,499.0,Churned,500,405.22,2026-04-04
ACC_10711,Delta_Systems,Professional,149.0,Churned,1733,270.1,2026-03-14
ACC_10712,Delta_Systems,Basic,49.0,Active,11533,7.45,2025-08-30
ACC_10713,Acme_Corp,Basic,49.0,Active,77221,15.17,2025-09-05
ACC_10714,Beta_Industries,Enterprise,499.0,Churned,2510,311.02,2025-03-02
ACC_10715,Beta_Industries,Professional,149.0,Active,65601,273.97,2025-07-29
ACC_10716,Acme_Corp,Enterprise,499.0,Active,38353,432.18,2025-01-03
ACC_10717,Omega_Labs,Basic,49.0,Active,93844,6.94,2025-04-18
ACC_10718,Delta_Systems,Basic,49.0,Active,54610,12.17,2025-01-11
ACC_10719,Beta_Industries,Basic,49.0,Churned,1900,24.96,2025-03-09
ACC_10720,Omega_Labs,Enterprise,499.0,Active,89580,110.73,2026-03-22
ACC_10721,Acme_Corp,Basic,49.0,Active,39370,3.75,2025-01-19
ACC_10722,Beta_Industries,Professional,149.0,Active,59127,414.95,2026-01-25
ACC_10723,Acme_Corp,Enterprise,499.0,Active,34564,480.13,2025-12-20
ACC_10724,Acme_Corp,Professional,149.0,Active,9211,82.09,2025-09-04
ACC_10725,Omega_Labs,Professional,149.0,Churned,4600,117.17,2026-04-29
ACC_10726,Delta_Systems,Enterprise,499.0,Active,94283,382.14,2025-07-06
ACC_10727,Acme_Corp,Professional,149.0,Churned,2478,6.01,2025-05-17
ACC_10728,Acme_Corp,Professional,149.0,Active,25032,112.2,2025-06-20
ACC_10729,Omega_Labs,Professional,149.0,Active,75171,49.06,2026-04-01
ACC_10730,Acme_Corp,Enterprise,499.0,Active,86367,331.72,2025-12-15
ACC_10731,Beta_Industries,Basic,49.0,Active,20202,45.98,2025-09-05
ACC_10732,Delta_Systems,Basic,49.0,Churned,2662,24.13,2025-03-30
ACC_10733,Delta_Systems,Basic,49.0,Active,4196,22.27,2025-06-12
ACC_10734,Beta_Industries,Professional,149.0,Active,46240,126.62,2025-10-01
ACC_10735,Omega_Labs,Basic,49.0,Active,64311,42.38,2025-03-23
ACC_10736,Acme_Corp,Professional,149.0,Active,30599,52.25,2025-12-31
ACC_10737,Beta_Industries,Enterprise,499.0,Active,86620,115.5,2025-02-10
ACC_10738,Acme_Corp,Basic,49.0,Active,65003,14.2,2025-12-20
ACC_10739,Acme_Corp,Basic,49.0,Churned,2881,29.05,2025-05-19
ACC_10740,Delta_Systems,Professional,149.0,Active,67168,177.5,2026-02-07
ACC_10741,Delta_Systems,Enterprise,499.0,Active,46107,201.37,2025-06-03
ACC_10742,Beta_Industries,Enterprise,499.0,Active,51074,272.94,2025-03-25
ACC_10743,Acme_Corp,Basic,49.0,Churned,1401,16.65,2025-02-10
ACC_10744,Delta_Systems,Professional,149.0,Churned,3586,183.13,2026-05-09
ACC_10745,Beta_Industries,Enterprise,499.0,Active,47476,205.59,2026-02-25
ACC_10746,Omega_Labs,Enterprise,499.0,Churned,3617,177.27,2026-03-23
ACC_10747,Omega_Labs,Enterprise,499.0,Active,27556,270.24,2026-03-17
ACC_10748,Omega_Labs,Enterprise,499.0,Active,38226,65.24,2025-03-10
ACC_10749,Beta_Industries,Basic,49.0,Active,91311,26.17,2025-09-06
ACC_10750,Acme_Corp,Basic,49.0,Active,88954,10.26,2025-06-17
ACC_10751,Acme_Corp,Basic,49.0,Churned,393,0.17,2025-01-03
ACC_10752,Delta_Systems,Professional,149.0,Active,60642,208.85,2026-02-24
ACC_10753,Acme_Corp,Enterprise,499.0,Active,61457,163.66,2025-11-02
ACC_10754,Acme_Corp,Enterprise,499.0,Active,89772,186.41,2025-07-25
ACC_10755,Delta_Systems,Enterprise,499.0,Active,27627,381.6,2025-08-16
ACC_10756,Beta_Industries,Basic,49.0,Churned,281,4.01,2025-08-29
ACC_10757,Delta_Systems,Professional,149.0,Active,31381,390.64,2025-02-01
ACC_10758,Acme_Corp,Basic,49.0,Active,12797,24.15,2026-04-25
ACC_10759,Acme_Corp,Enterprise,499.0,Active,11656,280.71,2025-05-03
ACC_10760,Acme_Corp,Basic,49.0,Active,3110,18.53,2025-08-05
ACC_10761,Acme_Corp,Enterprise,499.0,Churned,4209,91.33,2025-07-13
ACC_10762,Delta_Systems,Enterprise,499.0,Active,91618,347.76,2025-01-01
ACC_10763,Delta_Systems,Basic,49.0,Active,20373,40.37,2025-11-09
ACC_10764,Acme_Corp,Basic,49.0,Active,37625,33.29,2025-03-11
ACC_10765,Acme_Corp,Enterprise,499.0,Active,42020,363.94,2025-03-04
ACC_10766,Delta_Systems,Basic,49.0,Active,53812,15.67,2025-07-11
ACC_10767,Beta_Industries,Enterprise,499.0,Churned,1161,453.43,2025-02-01
ACC_10768,Acme_Corp,Enterprise,499.0,Active,19419,399.08,2026-01-07
ACC_10769,Acme_Corp,Professional,149.0,Active,46314,118.63,2025-07-08
ACC_10770,Delta_Systems,Basic,49.0,Active,56684,26.76,2026-01-25
ACC_10771,Omega_Labs,Enterprise,499.0,Active,39694,241.91,2025-07-12
ACC_10772,Omega_Labs,Basic,49.0,Churned,668,19.89,2025-11-16
ACC_10773,Delta_Systems,Enterprise,499.0,Active,69767,339.06,2025-03-30
ACC_10774,Omega_Labs,Enterprise,499.0,Active,19977,336.84,2026-01-11
ACC_10775,Acme_Corp,Enterprise,499.0,Active,12389,416.67,2026-03-16
ACC_10776,Delta_Systems,Enterprise,499.0,Active,37827,82.66,2026-05-15
ACC_10777,Acme_Corp,Basic,49.0,Churned,2388,9.65,2025-05-06
ACC_10778,Omega_Labs,Basic,49.0,Active,11308,43.91,2025-04-07
ACC_10779,Acme_Corp,Professional,149.0,Churned,3114,143.95,2025-02-28
ACC_10780,Omega_Labs,Basic,49.0,Active,26549,10.35,2025-08-02
ACC_10781,Delta_Systems,Basic,49.0,Active,4265,36.7,2025-03-25
ACC_10782,Delta_Systems,Professional,149.0,Active,90739,375.84,2026-02-07
ACC_10783,Omega_Labs,Basic,49.0,Churned,2771,45.75,2025-12-04
ACC_10784,Omega_Labs,Professional,149.0,Active,99005,90.91,2025-06-06
ACC_10785,Beta_Industries,Professional,149.0,Active,26417,278.41,2026-02-16
ACC_10786,Beta_Industries,Professional,149.0,Churned,3812,260.57,2026-03-01
ACC_10787,Delta_Systems,Enterprise,499.0,Active,23125,242.3,2025-09-23
ACC_10788,Omega_Labs,Professional,149.0,Churned,2643,345.35,2025-10-07
ACC_10789,Beta_Industries,Enterprise,499.0,Active,94926,39.18,2025-10-22
ACC_10790,Beta_Industries,Enterprise,499.0,Active,65119,229.82,2026-03-14
ACC_10791,Delta_Systems,Enterprise,499.0,Active,19733,352.34,2026-02-18
ACC_10792,Beta_Industries,Enterprise,499.0,Active,12860,353.75,2025-09-23
ACC_10793,Omega_Labs,Professional,149.0,Active,37463,125.89,2026-03-19
ACC_10794,Beta_Industries,Basic,49.0,Churned,2652,5.38,2025-03-06
ACC_10795,Beta_Industries,Basic,49.0,Active,3494,44.16,2025-11-11
ACC_10796,Delta_Systems,Professional,149.0,Churned,2471,340.54,2025-04-08
ACC_10797,Omega_Labs,Basic,49.0,Active,42551,46.82,2025-10-28
ACC_10798,Acme_Corp,Enterprise,499.0,Active,77719,363.27,2025-05-18
ACC_10799,Beta_Industries,Professional,149.0,Churned,185,333.0,2025-10-15
ACC_10800,Beta_Industries,Professional,149.0,Active,79013,47.67,2025-02-23
ACC_10801,Delta_Systems,Basic,49.0,Active,95074,13.01,2026-02-13
ACC_10802,Acme_Corp,Enterprise,499.0,Active,90509,498.14,2026-02-15
ACC_10803,Omega_Labs,Basic,49.0,Active,91676,12.18,2026-01-12
ACC_10804,Omega_Labs,Basic,49.0,Churned,378,40.94,2025-02-08
ACC_10805,Delta_Systems,Enterprise,499.0,Churned,2794,108.38,2025-03-04
ACC_10806,Acme_Corp,Enterprise,499.0,Churned,2260,230.28,2025-10-17
ACC_10807,Delta_Systems,Professional,149.0,Active,86846,298.01,2025-06-10
ACC_10808,Beta_Industries,Enterprise,499.0,Active,26649,192.57,2025-12-04
ACC_10809,Omega_Labs,Enterprise,499.0,Active,76662,308.97,2025-03-18
ACC_10810,Acme_Corp,Enterprise,499.0,Churned,3831,146.81,2025-04-01
ACC_10811,Beta_Industries,Professional,149.0,Active,44016,292.85,2025-03-14
ACC_10812,Acme_Corp,Enterprise,499.0,Active,44303,457.76,2026-03-20
ACC_10813,Acme_Corp,Basic,49.0,Active,85678,22.77,2025-02-25
ACC_10814,Acme_Corp,Professional,149.0,Active,71343,417.07,2025-05-03
ACC_10815,Omega_Labs,Professional,149.0,Churned,1368,33.41,2025-04-17
ACC_10816,Beta_Industries,Enterprise,499.0,Active,7852,101.75,2025-05-19
ACC_10817,Beta_Industries,Enterprise,499.0,Active,29993,15.61,2025-12-29
ACC_10818,Omega_Labs,Enterprise,499.0,Active,36342,205.72,2025-11-07
ACC_10819,Beta_Industries,Basic,49.0,Active,32281,5.68,2025-04-12
ACC_10820,Acme_Corp,Basic,49.0,Active,18952,37.36,2025-07-21
ACC_10821,Delta_Systems,Basic,49.0,Active,16454,5.61,2025-03-25
ACC_10822,Acme_Corp,Basic,49.0,Churned,3525,22.22,2025-05-20
ACC_10823,Beta_Industries,Enterprise,499.0,Active,33328,177.86,2025-10-04
ACC_10824,Omega_Labs,Basic,49.0,Active,3091,40.49,2025-11-07
ACC_10825,Acme_Corp,Professional,149.0,Active,81757,136.84,2025-06-26
ACC_10826,Omega_Labs,Basic,49.0,Active,636,3.97,2025-08-01
ACC_10827,Acme_Corp,Enterprise,499.0,Active,93289,397.55,2025-05-30
ACC_10828,Delta_Systems,Basic,49.0,Churned,2952,30.57,2026-04-16
ACC_10829,Acme_Corp,Enterprise,499.0,Active,23699,347.43,2025-03-28
ACC_10830,Delta_Systems,Enterprise,499.0,Active,36955,431.69,2026-02-05
ACC_10831,Acme_Corp,Professional,149.0,Churned,4767,271.37,2025-01-18
ACC_10832,Beta_Industries,Basic,49.0,Active,97171,44.55,2025-08-23
ACC_10833,Beta_Industries,Professional,149.0,Active,90726,112.35,2026-05-10
ACC_10834,Acme_Corp,Professional,149.0,Churned,2263,84.72,2025-01-11
ACC_10835,Delta_Systems,Professional,149.0,Active,47721,110.95,2025-05-27
ACC_10836,Omega_Labs,Enterprise,499.0,Active,16034,377.3,2025-05-17
ACC_10837,Acme_Corp,Enterprise,499.0,Active,9140,103.03,2025-11-26
ACC_10838,Beta_Industries,Enterprise,499.0,Active,2420,316.26,2025-09-03
ACC_10839,Omega_Labs,Enterprise,499.0,Active,71588,248.61,2025-02-17
ACC_10840,Acme_Corp,Basic,49.0,Active,72196,10.39,2025-05-08
ACC_10841,Acme_Corp,Professional,149.0,Active,5626,386.83,2026-03-27
ACC_10842,Delta_Systems,Basic,49.0,Active,36913,39.66,2025-08-29
ACC_10843,Acme_Corp,Enterprise,499.0,Active,40642,442.98,2026-01-22
ACC_10844,Delta_Systems,Professional,149.0,Churned,3903,362.14,2025-05-24
ACC_10845,Omega_Labs,Basic,49.0,Active,15171,10.25,2025-03-27
ACC_10846,Omega_Labs,Enterprise,499.0,Active,95930,226.47,2025-08-21
ACC_10847,Delta_Systems,Enterprise,499.0,Active,95136,242.95,2026-03-01
ACC_10848,Delta_Systems,Basic,49.0,Active,35372,40.2,2025-01-30
ACC_10849,Delta_Systems,Professional,149.0,Churned,2591,240.41,2025-05-16
ACC_10850,Delta_Systems,Basic,49.0,Churned,3416,3.42,2025-10-19
ACC_10851,Acme_Corp,Basic,49.0,Active,48437,25.72,2025-03-23
ACC_10852,Beta_Industries,Enterprise,499.0,Churned,4326,280.19,2026-03-24
ACC_10853,Acme_Corp,Enterprise,499.0,Active,74433,187.21,2025-01-03
ACC_10854,Delta_Systems,Enterprise,499.0,Active,22510,185.69,2025-05-12
ACC_10855,Delta_Systems,Professional,149.0,Active,8526,190.54,2025-04-17
ACC_10856,Beta_Industries,Professional,149.0,Churned,680,402.54,2025-02-18
ACC_10857,Acme_Corp,Enterprise,499.0,Churned,1965,383.61,2026-02-13
ACC_10858,Beta_Industries,Professional,149.0,Active,32672,176.08,2026-01-03
ACC_10859,Omega_Labs,Professional,149.0,Churned,3436,336.07,2025-07-28
ACC_10860,Omega_Labs,Basic,49.0,Active,36431,9.83,2025-03-12
ACC_10861,Omega_Labs,Professional,149.0,Active,94083,379.72,2026-03-18
ACC_10862,Delta_Systems,Basic,49.0,Churned,813,42.64,2025-12-12
ACC_10863,Acme_Corp,Professional,149.0,Active,85311,237.75,2026-03-02
ACC_10864,Acme_Corp,Enterprise,499.0,Active,61435,294.87,2025-01-16
ACC_10865,Acme_Corp,Basic,49.0,Active,67665,43.45,2026-01-21
ACC_10866,Beta_Industries,Enterprise,499.0,Active,27716,292.96,2025-12-02
ACC_10867,Beta_Industries,Enterprise,499.0,Active,7985,398.43,2025-10-06
ACC_10868,Omega_Labs,Professional,149.0,Active,53942,469.63,2025-08-27
ACC_10869,Beta_Industries,Basic,49.0,Active,48288,41.31,2026-04-23
ACC_10870,Acme_Corp,Professional,149.0,Active,66958,298.26,2025-09-26
ACC_10871,Beta_Industries,Professional,149.0,Active,43895,231.57,2026-03-13
ACC_10872,Delta_Systems,Professional,149.0,Churned,3950,374.3,2025-12-06
ACC_10873,Acme_Corp,Basic,49.0,Active,67129,20.82,2025-03-04
ACC_10874,Omega_Labs,Enterprise,499.0,Active,19759,20.93,2025-01-05
ACC_10875,Beta_Industries,Professional,149.0,Active,66401,444.23,2025-02-25
ACC_10876,Omega_Labs,Enterprise,499.0,Active,12891,333.89,2026-03-31
ACC_10877,Beta_Industries,Professional,149.0,Churned,1215,353.86,2025-11-27
ACC_10878,Beta_Industries,Enterprise,499.0,Churned,308,466.89,2025-05-20
ACC_10879,Delta_Systems,Basic,49.0,Active,37728,23.34,2026-03-27
ACC_10880,Delta_Systems,Enterprise,499.0,Churned,2838,66.35,2025-09-10
ACC_10881,Omega_Labs,Enterprise,499.0,Active,70630,203.9,2026-02-09
ACC_10882,Beta_Industries,Enterprise,499.0,Churned,2860,9.35,2025-10-31
ACC_10883,Delta_Systems,Professional,149.0,Churned,3514,381.51,2025-04-24
ACC_10884,Omega_Labs,Enterprise,499.0,Active,83678,4.17,2025-09-13
ACC_10885,Delta_Systems,Basic,49.0,Active,96893,19.59,2025-05-05
ACC_10886,Omega_Labs,Basic,49.0,Active,8710,22.17,2026-01-18
ACC_10887,Beta_Industries,Basic,49.0,Active,84678,43.43,2025-06-02
ACC_10888,Delta_Systems,Professional,149.0,Active,69298,107.0,2025-07-02
ACC_10889,Delta_Systems,Basic,49.0,Churned,2227,35.78,2025-02-19
ACC_10890,Acme_Corp,Professional,149.0,Active,94590,416.67,2025-10-15
ACC_10891,Delta_Systems,Enterprise,499.0,Active,73067,470.93,2025-07-29
ACC_10892,Acme_Corp,Basic,49.0,Active,1070,34.89,2026-03-01
ACC_10893,Acme_Corp,Professional,149.0,Active,76102,374.28,2026-02-10
ACC_10894,Delta_Systems,Basic,49.0,Active,62345,22.81,2025-04-14
ACC_10895,Delta_Systems,Basic,49.0,Active,87169,3.12,2026-03-06
ACC_10896,Beta_Industries,Basic,49.0,Active,87295,22.8,2025-02-28
ACC_10897,Omega_Labs,Professional,149.0,Active,3755,476.84,2025-05-11
ACC_10898,Acme_Corp,Basic,49.0,Active,91556,13.92,2025-10-20
ACC_10899,Omega_Labs,Professional,149.0,Active,25019,48.81,2025-03-16
ACC_10900,Delta_Systems,Professional,149.0,Churned,4401,116.55,2025-01-08
ACC_10901,Acme_Corp,Enterprise,499.0,Churned,4935,298.99,2026-03-06
ACC_10902,Omega_Labs,Basic,49.0,Active,54699,9.91,2025-08-27
ACC_10903,Acme_Corp,Enterprise,499.0,Churned,4284,16.47,2025-09-13
ACC_10904,Beta_Industries,Basic,49.0,Active,15660,23.3,2025-08-11
ACC_10905,Delta_Systems,Basic,49.0,Active,56071,17.44,2026-01-01
ACC_10906,Acme_Corp,Enterprise,499.0,Churned,3866,426.49,2026-03-09
ACC_10907,Beta_Industries,Basic,49.0,Active,34814,39.49,2026-05-09
ACC_10908,Delta_Systems,Professional,149.0,Active,92935,29.03,2025-09-08
ACC_10909,Omega_Labs,Professional,149.0,Churned,4888,74.92,2025-02-21
ACC_10910,Delta_Systems,Basic,49.0,Active,91195,22.04,2025-10-23
ACC_10911,Omega_Labs,Enterprise,499.0,Churned,119,315.84,2026-01-30
ACC_10912,Acme_Corp,Professional,149.0,Churned,659,129.35,2025-03-01
ACC_10913,Acme_Corp,Basic,49.0,Active,4631,10.6,2026-04-25
ACC_10914,Beta_Industries,Enterprise,499.0,Active,12953,432.53,2026-03-24
ACC_10915,Delta_Systems,Enterprise,499.0,Active,89962,353.78,2025-05-10
ACC_10916,Beta_Industries,Professional,149.0,Active,46041,390.61,2025-07-11
ACC_10917,Omega_Labs,Professional,149.0,Churned,3193,88.36,2025-12-21
ACC_10918,Delta_Systems,Basic,49.0,Active,52434,15.39,2025-09-04
ACC_10919,Acme_Corp,Enterprise,499.0,Active,41685,230.03,2025-06-30
ACC_10920,Acme_Corp,Basic,49.0,Churned,3452,49.59,2025-01-18
ACC_10921,Acme_Corp,Enterprise,499.0,Active,39362,269.7,2025-09-28
ACC_10922,Delta_Systems,Basic,49.0,Active,86555,18.64,2025-02-01
ACC_10923,Delta_Systems,Basic,49.0,Active,14531,32.84,2025-11-29
ACC_10924,Omega_Labs,Professional,149.0,Active,63290,59.83,2026-03-20
ACC_10925,Omega_Labs,Professional,149.0,Churned,1840,227.81,2026-03-15
ACC_10926,Acme_Corp,Professional,149.0,Churned,2934,475.8,2026-02-01
ACC_10927,Acme_Corp,Professional,149.0,Active,80559,245.58,2025-03-18
ACC_10928,Delta_Systems,Professional,149.0,Churned,2902,331.34,2025-02-08
ACC_10929,Beta_Industries,Enterprise,499.0,Active,82472,140.4,2025-04-30
ACC_10930,Omega_Labs,Enterprise,499.0,Active,99523,143.93,2025-09-03
ACC_10931,Acme_Corp,Professional,149.0,Churned,81,186.53,2025-09-04
ACC_10932,Beta_Industries,Professional,149.0,Churned,2963,184.64,2025-04-09
ACC_10933,Delta_Systems,Basic,49.0,Active,50000,39.82,2025-10-14
ACC_10934,Beta_Industries,Basic,49.0,Active,92946,10.99,2026-03-01
ACC_10935,Beta_Industries,Enterprise,499.0,Active,54272,312.3,2026-02-10
ACC_10936,Beta_Industries,Professional,149.0,Active,19431,375.51,2025-10-03
ACC_10937,Beta_Industries,Basic,49.0,Active,51648,4.78,2026-02-03
ACC_10938,Beta_Industries,Professional,149.0,Active,77985,305.56,2025-04-19
ACC_10939,Delta_Systems,Professional,149.0,Active,54528,234.83,2025-07-06
ACC_10940,Acme_Corp,Basic,49.0,Active,83306,24.41,2025-09-29
ACC_10941,Beta_Industries,Enterprise,499.0,Active,66906,467.68,2025-10-13
ACC_10942,Beta_Industries,Basic,49.0,Active,44869,8.62,2025-04-04
ACC_10943,Acme_Corp,Professional,149.0,Active,79914,323.83,2025-04-22
ACC_10944,Delta_Systems,Enterprise,499.0,Active,78888,26.55,2025-06-29
ACC_10945,Omega_Labs,Professional,149.0,Active,31527,464.3,2025-11-09
ACC_10946,Delta_Systems,Basic,49.0,Churned,3801,11.95,2025-08-15
ACC_10947,Delta_Systems,Basic,49.0,Active,79340,30.46,2026-04-07
ACC_10948,Omega_Labs,Enterprise,499.0,Active,91956,305.97,2025-09-25
ACC_10949,Beta_Industries,Professional,149.0,Active,60506,64.05,2025-05-19
ACC_10950,Acme_Corp,Basic,49.0,Churned,1758,28.33,2025-08-09
ACC_10951,Delta_Systems,Professional,149.0,Active,90520,375.09,2026-03-10
ACC_10952,Delta_Systems,Professional,149.0,Churned,1978,118.36,2025-08-21
ACC_10953,Delta_Systems,Basic,49.0,Active,59317,33.43,2025-04-25
ACC_10954,Delta_Systems,Enterprise,499.0,Churned,1039,339.73,2025-09-30
ACC_10955,Beta_Industries,Professional,149.0,Active,78616,442.6,2025-04-29
ACC_10956,Omega_Labs,Professional,149.0,Active,77975,481.74,2025-06-26
ACC_10957,Omega_Labs,Professional,149.0,Churned,3186,174.42,2026-04-10
ACC_10958,Omega_Labs,Professional,149.0,Active,97007,170.98,2025-07-05
ACC_10959,Omega_Labs,Enterprise,499.0,Churned,1971,172.68,2026-01-20
ACC_10960,Omega_Labs,Basic,49.0,Active,13755,46.96,2026-04-05
ACC_10961,Beta_Industries,Professional,149.0,Churned,4242,121.13,2026-02-15
ACC_10962,Omega_Labs,Enterprise,499.0,Churned,2806,224.19,2026-01-10
ACC_10963,Beta_Industries,Enterprise,499.0,Active,56305,31.46,2026-02-12
ACC_10964,Acme_Corp,Professional,149.0,Churned,3091,89.83,2026-03-24
ACC_10965,Omega_Labs,Basic,49.0,Active,20238,2.87,2026-03-18
ACC_10966,Delta_Systems,Enterprise,499.0,Churned,3774,125.85,2025-04-15
ACC_10967,Delta_Systems,Professional,149.0,Active,78757,447.94,2025-12-17
ACC_10968,Delta_Systems,Enterprise,499.0,Churned,138,220.87,2025-07-02
ACC_10969,Beta_Industries,Professional,149.0,Active,29320,215.83,2026-01-13
ACC_10970,Acme_Corp,Professional,149.0,Active,35312,266.43,2026-03-22
ACC_10971,Beta_Industries,Basic,49.0,Active,19809,29.84,2025-09-07
ACC_10972,Beta_Industries,Basic,49.0,Active,25964,19.57,2026-04-17
ACC_10973,Beta_Industries,Basic,49.0,Active,57183,36.68,2025-04-22
ACC_10974,Omega_Labs,Enterprise,499.0,Active,13526,283.95,2025-05-29
ACC_10975,Delta_Systems,Enterprise,499.0,Churned,2195,164.41,2025-08-30
ACC_10976,Acme_Corp,Enterprise,499.0,Active,86707,53.57,2025-03-02
ACC_10977,Acme_Corp,Basic,49.0,Active,21422,49.03,2025-02-06
ACC_10978,Acme_Corp,Basic,49.0,Active,96245,36.97,2025-02-28
ACC_10979,Omega_Labs,Enterprise,499.0,Active,18895,112.7,2025-09-24
ACC_10980,Delta_Systems,Professional,149.0,Active,96699,149.23,2026-01-14
ACC_10981,Acme_Corp,Basic,49.0,Active,69997,39.7,2025-08-08
ACC_10982,Delta_Systems,Enterprise,499.0,Active,84139,174.74,2026-04-14
ACC_10983,Delta_Systems,Enterprise,499.0,Churned,1621,262.51,2025-12-11
ACC_10984,Beta_Industries,Basic,49.0,Active,86324,6.98,2026-01-20
ACC_10985,Beta_Industries,Professional,149.0,Active,5954,410.62,2026-02-09
ACC_10986,Beta_Industries,Enterprise,499.0,Active,47611,80.41,2025-07-27
ACC_10987,Acme_Corp,Basic,49.0,Active,9348,41.75,2025-03-31
ACC_10988,Omega_Labs,Professional,149.0,Active,62102,111.79,2025-09-19
ACC_10989,Delta_Systems,Basic,49.0,Active,53232,19.29,2025-11-06
ACC_10990,Acme_Corp,Enterprise,499.0,Active,9775,60.64,2025-06-12
ACC_10991,Beta_Industries,Professional,149.0,Active,73420,301.44,2026-02-11
ACC_10992,Delta_Systems,Basic,49.0,Active,70521,8.14,2025-01-20
ACC_10993,Omega_Labs,Professional,149.0,Active,5868,357.8,2026-01-23
ACC_10994,Acme_Corp,Enterprise,499.0,Churned,2944,256.88,2025-02-13
ACC_10995,Delta_Systems,Enterprise,499.0,Active,27542,39.79,2026-05-07
ACC_10996,Delta_Systems,Enterprise,499.0,Churned,4537,24.82,2025-05-02
ACC_10997,Omega_Labs,Basic,49.0,Active,50725,5.38,2025-05-25
ACC_10998,Omega_Labs,Basic,49.0,Active,9843,32.94,2025-11-10
ACC_10999,Omega_Labs,Enterprise,499.0,Active,99611,79.67,2025-11-20
ACC_11000,Omega_Labs,Professional,149.0,Churned,1317,259.86,2026-03-05
